Time (ms),AVG
0,-0.009448819
0.0125,-0.030163003
0.025,0.105704089
0.0375,0.369835368
0.05,0.633224485
0.0625,0.811818817
0.075,0.879308289
0.0875,0.847180087
0.1,0.742631037
0.1125,0.596504229
0.125,0.43431809
0.1375,0.275562709
0.15,0.131370499
0.1625,0.007720839
0.175,-0.09330101
0.1875,-0.17243468
0.2,-0.247498469
0.2125,-0.276524868
0.225,-0.442305864
0.2375,-0.722677017
0.25,-0.993386049
0.2625,-1.174096464
0.275,-1.240295692
0.2875,-1.204616097
0.3,-1.094857183
0.3125,-0.942711493
0.325,-0.773978615
0.3375,-0.608268477
0.35,-0.456120628
0.3625,-0.324615402
0.375,-0.215536109
0.3875,-0.128831871
0.4,-0.061402538
0.4125,-0.010542074
0.425,0.026906686
0.4375,0.053261725
0.45,0.071466603
0.4625,0.083248648
0.475,0.090804806
0.4875,0.094536149
0.5,0.096046968
0.5125,0.095872006
0.525,0.09491912
0.5375,0.093206733
0.55,0.090808542
0.5625,0.088431029
0.575,0.085814715
0.5875,0.083294514
0.6,0.080533837
0.6125,0.077867663
0.625,0.075166444
0.6375,0.07250916
0.65,0.069862827
0.6625,0.067479452
0.675,0.064709499
0.6875,0.062387902
0.7,0.060033645
0.7125,0.057965408
0.725,0.055716669
0.7375,0.053738039
0.75,0.051519513
0.7625,0.049429052
0.775,0.047325062
0.7875,0.045448472
0.8,0.043473257
0.8125,0.041753269
0.825,0.039588726
0.8375,0.037719802
0.85,0.035695564
0.8625,0.034045535
0.875,0.032422949
0.8875,0.03061941
0.9,0.029011383
0.9125,0.027419074
0.925,0.025974671
0.9375,0.024353052
0.95,0.02296624
0.9625,0.021583293
0.975,0.020406615
0.9875,0.018838012
1,0.017683688
1.0125,0.016221377
1.025,0.01512999
1.0375,0.01362381
1.05,0.012522052
1.0625,0.011160878
1.075,0.010210118
1.0875,0.009082077
1.1,0.008400524
1.1125,0.007438555
1.125,0.006818909
1.1375,0.00569338
1.15,0.004898385
1.1625,0.003974488
1.175,0.003168993
1.1875,0.002086367
1.2,0.001268697
1.2125,0.000332174
1.225,-0.000431385
1.2375,-0.001421054
1.25,-0.002144415
1.2625,-0.002865263
1.275,-0.003428349
1.2875,-0.004139084
1.3,-0.004744365
1.3125,-0.005345652
1.325,-0.005893278
1.3375,-0.006297507
1.35,-0.006905365
1.3625,-0.007481593
1.375,-0.008174354
1.3875,-0.008670059
1.4,-0.009396125
1.4125,-0.009750107
1.425,-0.010221783
1.4375,-0.010256956
1.45,-0.010717359
1.4625,-0.010914803
1.475,-0.011564984
1.4875,-0.011720233
1.5,-0.012141083
1.5125,-0.012234168
1.525,-0.0127329
1.5375,-0.013081149
1.55,-0.013476166
1.5625,-0.013800902
1.575,-0.014440132
1.5875,-0.014705345
1.6,-0.015066929
1.6125,-0.015289819
1.625,-0.015437016
1.6375,-0.015320353
1.65,-0.015399911
1.6625,-0.015508843
1.675,-0.015695851
1.6875,-0.015894133
1.7,-0.016196194
1.7125,-0.016551142
1.725,-0.016671091
1.7375,-0.016881547
1.75,-0.017001689
1.7625,-0.017431041
1.775,-0.017579785
1.7875,-0.017849378
1.8,-0.017867673
1.8125,-0.018115493
1.825,-0.01792069
1.8375,-0.01817959
1.85,-0.0180599
1.8625,-0.018584206
1.875,-0.018533572
1.8875,-0.01873894
1.9,-0.018633229
1.9125,-0.019007825
1.925,-0.018987404
1.9375,-0.019202241
1.95,-0.019128353
1.9625,-0.019298677
1.975,-0.019164878
1.9875,-0.019237221
2,-0.019227429
2.0125,-0.019347635
2.025,-0.019503787
2.0375,-0.01962483
2.05,-0.019666058
2.0625,-0.019704194
2.075,-0.019766874
2.0875,-0.019877932
2.1,-0.019964125
2.1125,-0.020042394
2.125,-0.020210334
2.1375,-0.020131292
2.15,-0.020464274
2.1625,-0.020336145
2.175,-0.020579777
2.1875,-0.020398309
2.2,-0.020399984
2.2125,-0.020280422
2.225,-0.02050853
2.2375,-0.020500284
2.25,-0.020851754
2.2625,-0.020618557
2.275,-0.020943487
2.2875,-0.021039729
2.3,-0.02129631
2.3125,-0.02106176
2.325,-0.021121025
2.3375,-0.020974666
2.35,-0.021119351
2.3625,-0.021216108
2.375,-0.021369425
2.3875,-0.021332384
2.4,-0.02145536
2.4125,-0.021431718
2.425,-0.021343722
2.4375,-0.021380119
2.45,-0.021208249
2.4625,-0.021117998
2.475,-0.021019372
2.4875,-0.021217074
2.5,-0.020986325
2.5125,-0.02109558
2.525,-0.021351452
2.5375,-0.021845159
2.55,-0.021568995
2.5625,-0.021691971
2.575,-0.021543678
2.5875,-0.021748982
2.6,-0.021482803
2.6125,-0.021664142
2.625,-0.021397512
2.6375,-0.021514948
2.65,-0.021332642
2.6625,-0.021509923
2.675,-0.021544129
2.6875,-0.021616858
2.7,-0.02134398
2.7125,-0.021350744
2.725,-0.021332642
2.7375,-0.021690683
2.75,-0.021645074
2.7625,-0.021641789
2.775,-0.021647457
2.7875,-0.021792787
2.8,-0.021631288
2.8125,-0.021398092
2.825,-0.021511147
2.8375,-0.021617631
2.85,-0.02164881
2.8625,-0.021611898
2.875,-0.02195203
2.8875,-0.02203964
2.9,-0.022204939
2.9125,-0.021869896
2.925,-0.021815333
2.9375,-0.021705306
2.95,-0.021798198
2.9625,-0.021645332
2.975,-0.02195931
2.9875,-0.021890639
3,-0.022149024
3.0125,-0.021785314
3.025,-0.021702665
3.0375,-0.021588256
3.05,-0.021776102
3.0625,-0.021563069
3.075,-0.021487376
3.0875,-0.021409945
3.1,-0.021583489
3.1125,-0.021555918
3.125,-0.021553857
3.1375,-0.021505156
3.15,-0.021662854
3.1625,-0.021863776
3.175,-0.021832276
3.1875,-0.021796136
3.2,-0.021692486
3.2125,-0.021862037
3.225,-0.021518813
3.2375,-0.021362661
3.25,-0.020952956
3.2625,-0.021145376
3.275,-0.020931891
3.2875,-0.021092423
3.3,-0.021152269
3.3125,-0.021624653
3.325,-0.021700796
3.3375,-0.021839168
3.35,-0.02161499
3.3625,-0.02195538
3.375,-0.021815076
3.3875,-0.021931545
3.4,-0.021643528
3.4125,-0.021731267
3.425,-0.021569188
3.4375,-0.021656669
3.45,-0.021598435
3.4625,-0.021634445
3.475,-0.021831438
3.4875,-0.022007237
3.5,-0.021873246
3.5125,-0.021875823
3.525,-0.021933349
3.5375,-0.021903781
3.55,-0.021831567
3.5625,-0.021799164
3.575,-0.022006271
3.5875,-0.021836527
3.6,-0.021942754
3.6125,-0.021904811
3.625,-0.02193541
3.6375,-0.021655445
3.65,-0.021725855
3.6625,-0.021673612
3.675,-0.021844837
3.6875,-0.021826413
3.7,-0.022215569
3.7125,-0.022026821
3.725,-0.022131888
3.7375,-0.022098133
3.75,-0.022397101
3.7625,-0.022349882
3.775,-0.022330041
3.7875,-0.022124609
3.8,-0.022001762
3.8125,-0.021936763
3.825,-0.021964914
3.8375,-0.022121195
3.85,-0.022233735
3.8625,-0.022246168
3.875,-0.022208418
3.8875,-0.022059997
3.9,-0.021798456
3.9125,-0.021977927
3.925,-0.021999056
3.9375,-0.022207967
3.95,-0.022027658
3.9625,-0.021851537
3.975,-0.021690425
3.9875,-0.021728239
4,-0.02167213
4.0125,-0.02177971
4.025,-0.021841938
4.0375,-0.021847285
4.05,-0.021607518
4.0625,-0.021842454
4.075,-0.021623107
4.0875,-0.021754715
4.1,-0.021631288
4.1125,-0.021730429
4.125,-0.021655896
4.1375,-0.021684563
4.15,-0.021557013
4.1625,-0.021558173
4.175,-0.021545031
4.1875,-0.02150522
4.2,-0.021276984
4.2125,-0.021259397
4.225,-0.021310739
4.2375,-0.021336636
4.25,-0.021433715
4.2625,-0.021405629
4.275,-0.021404791
4.2875,-0.021135649
4.3,-0.021103439
4.3125,-0.021119544
4.325,-0.020994829
4.3375,-0.020909216
4.35,-0.021025299
4.3625,-0.021085917
4.375,-0.021207154
4.3875,-0.0212746
4.4,-0.021472238
4.4125,-0.02141819
4.425,-0.021596502
4.4375,-0.02153073
4.45,-0.021698284
4.4625,-0.021756326
4.475,-0.021898563
4.4875,-0.022090789
4.5,-0.022216019
4.5125,-0.022136462
4.525,-0.02225976
4.5375,-0.022215569
4.55,-0.022310393
4.5625,-0.022244879
4.575,-0.022160361
4.5875,-0.022015934
4.6,-0.022083445
4.6125,-0.02215276
4.625,-0.022047628
4.6375,-0.022068113
4.65,-0.022112563
4.6625,-0.02227361
4.675,-0.022315225
4.6875,-0.022567103
4.7,-0.022414623
4.7125,-0.022508031
4.725,-0.022429246
4.7375,-0.022464548
4.75,-0.022277668
4.7625,-0.022178463
4.775,-0.022039254
4.7875,-0.021973611
4.8,-0.021832533
4.8125,-0.022011489
4.825,-0.021901075
4.8375,-0.022135818
4.85,-0.02213395
4.8625,-0.022253189
4.875,-0.022058966
4.8875,-0.022072752
4.9,-0.021887805
4.9125,-0.021927036
4.925,-0.021842776
4.9375,-0.021785894
4.95,-0.021998348
4.9625,-0.021997124
4.975,-0.021739512
4.9875,-0.021587032
5,-0.021634509
5.0125,-0.021651902
5.025,-0.021657249
5.0375,-0.021430752
5.05,-0.021509343
5.0625,-0.021577176
5.075,-0.021495557
5.0875,-0.021325491
5.1,-0.021354995
5.1125,-0.021354738
5.125,-0.021298886
5.1375,-0.021288579
5.15,-0.021385401
5.1625,-0.021334317
5.175,-0.021336571
5.1875,-0.021241875
5.2,-0.021450013
5.2125,-0.02134063
5.225,-0.021179131
5.2375,-0.021284907
5.25,-0.021411362
5.2625,-0.021557593
5.275,-0.021659761
5.2875,-0.021699508
5.3,-0.021762381
5.3125,-0.021827058
5.325,-0.021755359
5.3375,-0.021570928
5.35,-0.021566032
5.3625,-0.021442734
5.375,-0.021512371
5.3875,-0.021489309
5.4,-0.021304104
5.4125,-0.021461222
5.425,-0.021441252
5.4375,-0.021588128
5.45,-0.021562489
5.4625,-0.02182841
5.475,-0.021951773
5.4875,-0.022116685
5.5,-0.022250226
5.5125,-0.022354971
5.525,-0.022358192
5.5375,-0.022446382
5.55,-0.022288169
5.5625,-0.022221753
5.575,-0.022145867
5.5875,-0.022307108
5.6,-0.022591389
5.6125,-0.022687889
5.625,-0.022513957
5.6375,-0.022538308
5.65,-0.022458815
5.6625,-0.022325532
5.675,-0.022058257
5.6875,-0.022324888
5.7,-0.022283208
5.7125,-0.022025275
5.725,-0.021971871
5.7375,-0.021998799
5.75,-0.022110308
5.7625,-0.02198643
5.775,-0.02206019
5.7875,-0.022205326
5.8,-0.022039447
5.8125,-0.021880074
5.825,-0.021991841
5.8375,-0.022050656
5.85,-0.021979473
5.8625,-0.021861522
5.875,-0.021941144
5.8875,-0.021785894
5.9,-0.021741767
5.9125,-0.021642433
5.925,-0.021553212
5.9375,-0.021382116
5.95,-0.021406917
5.9625,-0.021523386
5.975,-0.021562875
5.9875,-0.021421282
6,-0.021436421
6.0125,-0.021551022
6.025,-0.021556691
6.0375,-0.02149865
6.05,-0.021295987
6.0625,-0.021385659
6.075,-0.021529764
6.0875,-0.021593023
6.1,-0.021563519
6.1125,-0.021472882
6.125,-0.021375674
6.1375,-0.021479195
6.15,-0.02145755
6.1625,-0.021494076
6.175,-0.021452783
6.1875,-0.021494462
6.2,-0.021421927
6.2125,-0.021616085
6.225,-0.021622592
6.2375,-0.021645267
6.25,-0.021606036
6.2625,-0.021577176
6.275,-0.021649519
6.2875,-0.021772237
6.3,-0.021777455
6.3125,-0.021925297
6.325,-0.021886259
6.3375,-0.021816751
6.35,-0.021627552
6.3625,-0.021815269
6.375,-0.021895213
6.3875,-0.021849669
6.4,-0.021936183
6.4125,-0.021953899
6.425,-0.021861586
6.4375,-0.021736807
6.45,-0.02161396
6.4625,-0.021667749
6.475,-0.021851344
6.4875,-0.021767277
6.5,-0.021858043
6.5125,-0.021797425
6.525,-0.021940242
6.5375,-0.021864356
6.55,-0.022154886
6.5625,-0.022246168
6.575,-0.022196887
6.5875,-0.022146125
6.6,-0.022355422
6.6125,-0.022352588
6.625,-0.022277668
6.6375,-0.022127314
6.65,-0.022096973
6.6625,-0.022074298
6.675,-0.022087954
6.6875,-0.022083059
6.7,-0.022250097
6.7125,-0.022359416
6.725,-0.022277217
6.7375,-0.02230305
6.75,-0.022167834
6.7625,-0.022130922
6.775,-0.022018446
6.7875,-0.022047306
6.8,-0.021947199
6.8125,-0.021878271
6.825,-0.021747822
6.8375,-0.021879688
6.85,-0.021605005
6.8625,-0.021490017
6.875,-0.021556627
6.8875,-0.02162111
6.9,-0.021332642
6.9125,-0.02150419
6.925,-0.021549734
6.9375,-0.021568673
6.95,-0.021445568
6.9625,-0.02154516
6.975,-0.021832662
6.9875,-0.021879946
7,-0.021957055
7.0125,-0.021899658
7.025,-0.021881105
7.0375,-0.021716321
7.05,-0.021454458
7.0625,-0.021344237
7.075,-0.021363112
7.0875,-0.021437323
7.1,-0.02155186
7.1125,-0.02165828
7.125,-0.02162169
7.1375,-0.021515399
7.15,-0.021600238
7.1625,-0.021551988
7.175,-0.021735389
7.1875,-0.02171091
7.2,-0.021843613
7.2125,-0.021824932
7.225,-0.021950549
7.2375,-0.021703051
7.25,-0.02163889
7.2625,-0.021662854
7.275,-0.021752332
7.2875,-0.021827702
7.3,-0.022022634
7.3125,-0.022107796
7.325,-0.022147542
7.3375,-0.022110566
7.35,-0.021922462
7.3625,-0.021868543
7.375,-0.021871764
7.3875,-0.022061027
7.4,-0.021914989
7.4125,-0.02193541
7.425,-0.021792658
7.4375,-0.021743442
7.45,-0.021669167
7.4625,-0.021734101
7.475,-0.021706594
7.4875,-0.021952288
7.5,-0.021771657
7.5125,-0.021882587
7.525,-0.021887096
7.5375,-0.021909063
7.55,-0.021718447
7.5625,-0.021724889
7.575,-0.021506315
7.5875,-0.02149472
7.6,-0.021762381
7.6125,-0.022027658
7.625,-0.022080868
7.6375,-0.022338673
7.65,-0.02215115
7.6625,-0.022179043
7.675,-0.022059932
7.6875,-0.021965236
7.7,-0.02206077
7.7125,-0.022331136
7.725,-0.022404831
7.7375,-0.022178012
7.75,-0.022134207
7.7625,-0.022016192
7.775,-0.021981534
7.7875,-0.021986817
7.8,-0.021931674
7.8125,-0.02164778
7.825,-0.021703566
7.8375,-0.02152242
7.85,-0.021657958
7.8625,-0.021592122
7.875,-0.021715419
7.8875,-0.021652933
7.9,-0.021828282
7.9125,-0.021815978
7.925,-0.021757163
7.9375,-0.021586195
7.95,-0.021551409
7.9625,-0.021660277
7.975,-0.021610223
7.9875,-0.021729076
8,-0.021866418
8.0125,-0.021963368
8.025,-0.021990231
8.0375,-0.021696094
8.05,-0.021791498
8.0625,-0.021716708
8.075,-0.021533371
8.0875,-0.02143204
8.1,-0.021514046
8.1125,-0.02190552
8.125,-0.021892829
8.1375,-0.022020443
8.15,-0.021905649
8.1625,-0.021925039
8.175,-0.02168321
8.1875,-0.02172096
8.2,-0.021525061
8.2125,-0.021462704
8.225,-0.021309966
8.2375,-0.021601591
8.25,-0.021614024
8.2625,-0.02182287
8.275,-0.021673547
8.2875,-0.021911318
8.3,-0.0218545
8.3125,-0.022121903
8.325,-0.022233219
8.3375,-0.022264012
8.35,-0.022142968
8.3625,-0.0222376
8.375,-0.022196887
8.3875,-0.0221067
8.4,-0.021961049
8.4125,-0.021899593
8.425,-0.02182957
8.4375,-0.021756519
8.45,-0.021771013
8.4625,-0.021952546
8.475,-0.022116492
8.4875,-0.022089887
8.5,-0.022337771
8.5125,-0.022363281
8.525,-0.022358836
8.5375,-0.022206292
8.55,-0.022309878
8.5625,-0.022008333
8.575,-0.021889351
8.5875,-0.021537945
8.6,-0.021519843
8.6125,-0.021255081
8.625,-0.021390168
8.6375,-0.021365753
8.65,-0.021523064
8.6625,-0.021635347
8.675,-0.021731202
8.6875,-0.021766826
8.7,-0.021985271
8.7125,-0.021958086
8.725,-0.022045824
8.7375,-0.022091304
8.75,-0.021966589
8.7625,-0.021834466
8.775,-0.02177082
8.7875,-0.02184181
8.8,-0.021626328
8.8125,-0.021747629
8.825,-0.021762445
8.8375,-0.021859911
8.85,-0.021726886
8.8625,-0.021704919
8.875,-0.021584134
8.8875,-0.021615634
8.9,-0.021512564
8.9125,-0.021696158
8.925,-0.021582201
8.9375,-0.021833886
8.95,-0.021697769
8.9625,-0.021763991
8.975,-0.021592186
8.9875,-0.021618018
9,-0.021395708
9.0125,-0.021487183
9.025,-0.021449691
9.0375,-0.02162607
9.05,-0.021577756
9.0625,-0.021612349
9.075,-0.021519264
9.0875,-0.021573054
9.1,-0.021555145
9.1125,-0.021863132
9.125,-0.021816235
9.1375,-0.021859009
9.15,-0.021895921
9.1625,-0.021962273
9.175,-0.021993387
9.1875,-0.021991455
9.2,-0.022076488
9.2125,-0.021884262
9.225,-0.021940499
9.2375,-0.021925168
9.25,-0.021948165
9.2625,-0.021838202
9.275,-0.021985142
9.2875,-0.021894182
9.3,-0.02202637
9.3125,-0.022042088
9.325,-0.022289328
9.3375,-0.02214606
9.35,-0.022274705
9.3625,-0.022067598
9.375,-0.022189028
9.3875,-0.022050656
9.4,-0.022110694
9.4125,-0.022112047
9.425,-0.022206679
9.4375,-0.022182328
9.45,-0.022292292
9.4625,-0.022386794
9.475,-0.022245523
9.4875,-0.022169445
9.5,-0.022098004
9.5125,-0.021936248
9.525,-0.021868672
9.5375,-0.021776553
9.55,-0.021744215
9.5625,-0.02163335
9.575,-0.021398929
9.5875,-0.021514175
9.6,-0.021546835
9.6125,-0.02177359
9.625,-0.021556627
9.6375,-0.021644494
9.65,-0.021284521
9.6625,-0.021374643
9.675,-0.02116103
9.6875,-0.021227961
9.7,-0.021213596
9.7125,-0.021277757
9.725,-0.021258882
9.7375,-0.021538525
9.75,-0.021322206
9.7625,-0.021535304
9.775,-0.021375352
9.7875,-0.021494205
9.8,-0.021390232
9.8125,-0.021496266
9.825,-0.021517267
9.8375,-0.021441123
9.85,-0.021298113
9.8625,-0.021384241
9.875,-0.021681986
9.8875,-0.021857979
9.9,-0.021902492
9.9125,-0.022016578
9.925,-0.021991519
9.9375,-0.021967233
9.95,-0.021941144
9.9625,-0.02184123
9.975,-0.021885743
9.9875,-0.021581621
10,-0.021693453
10.0125,-0.021708333
10.025,-0.021870283
10.0375,-0.021832276
10.05,-0.022032876
10.0625,-0.022078936
10.075,-0.022303372
10.0875,-0.022214087
10.1,-0.022316513
10.1125,-0.02203526
10.125,-0.022094268
10.1375,-0.02191995
10.15,-0.021994805
10.1625,-0.021899529
10.175,-0.022114624
10.1875,-0.022201976
10.2,-0.022358772
10.2125,-0.022314516
10.225,-0.022449989
10.2375,-0.022419519
10.25,-0.02244883
10.2625,-0.022261177
10.275,-0.022150956
10.2875,-0.022283015
10.3,-0.022230449
10.3125,-0.02234125
10.325,-0.022137815
10.3375,-0.022162809
10.35,-0.022013873
10.3625,-0.022039576
10.375,-0.021841423
10.3875,-0.021968586
10.4,-0.02176805
10.4125,-0.021883553
10.425,-0.021674578
10.4375,-0.021756519
10.45,-0.021590318
10.4625,-0.021686495
10.475,-0.021453492
10.4875,-0.021595793
10.5,-0.021414067
10.5125,-0.021450851
10.525,-0.021312865
10.5375,-0.021508506
10.55,-0.021430688
10.5625,-0.021525512
10.575,-0.021373419
10.5875,-0.021656863
10.6,-0.021617116
10.6125,-0.021612027
10.625,-0.021656669
10.6375,-0.021624138
10.65,-0.02148699
10.6625,-0.021245998
10.675,-0.021459741
10.6875,-0.021340243
10.7,-0.021348747
10.7125,-0.021226028
10.725,-0.021236593
10.7375,-0.021028262
10.75,-0.020919845
10.7625,-0.020922744
10.775,-0.021198908
10.7875,-0.02125521
10.8,-0.021460514
10.8125,-0.02139326
10.825,-0.021746083
10.8375,-0.021806186
10.85,-0.021964399
10.8625,-0.021709686
10.875,-0.021915376
10.8875,-0.021783317
10.9,-0.021785121
10.9125,-0.021715677
10.925,-0.021989265
10.9375,-0.022030106
10.95,-0.02215218
10.9625,-0.022080804
10.975,-0.022126219
10.9875,-0.022120551
11,-0.022248293
11.0125,-0.022300022
11.025,-0.022302019
11.0375,-0.022252287
11.05,-0.022105348
11.0625,-0.022035453
11.075,-0.021861715
11.0875,-0.021922011
11.1,-0.02192156
11.1125,-0.022020894
11.125,-0.021958472
11.1375,-0.022187289
11.15,-0.022160684
11.1625,-0.022496178
11.175,-0.022343891
11.1875,-0.022410307
11.2,-0.022113336
11.2125,-0.022377904
11.225,-0.022207001
11.2375,-0.022238502
11.25,-0.021937214
11.2625,-0.022022118
11.275,-0.021811984
11.2875,-0.021894247
11.3,-0.021629613
11.3125,-0.021723472
11.325,-0.02158394
11.3375,-0.021745052
11.35,-0.021745439
11.3625,-0.021836527
11.375,-0.021841294
11.3875,-0.02178802
11.4,-0.021630515
11.4125,-0.021518684
11.425,-0.021557464
11.4375,-0.021555725
11.45,-0.021538589
11.4625,-0.021375609
11.475,-0.021578078
11.4875,-0.021599079
11.5,-0.021622914
11.5125,-0.021493238
11.525,-0.021476683
11.5375,-0.021361437
11.55,-0.021258302
11.5625,-0.021225964
11.575,-0.021518942
11.5875,-0.021533822
11.6,-0.021694097
11.6125,-0.021499616
11.625,-0.021690296
11.6375,-0.021423924
11.65,-0.021458388
11.6625,-0.021170499
11.675,-0.021265839
11.6875,-0.021225062
11.7,-0.021237817
11.7125,-0.021215721
11.725,-0.021376576
11.7375,-0.021417224
11.75,-0.021447114
11.7625,-0.021350872
11.775,-0.021338375
11.7875,-0.021306488
11.8,-0.021243293
11.8125,-0.021432234
11.825,-0.021479002
11.8375,-0.021787762
11.85,-0.021642562
11.8625,-0.021848831
11.875,-0.021853083
11.8875,-0.022016772
11.9,-0.021926005
11.9125,-0.022058644
11.925,-0.02205684
11.9375,-0.022202685
11.95,-0.022200366
11.9625,-0.022436654
11.975,-0.022387825
11.9875,-0.022564526
12,-0.022202298
12.0125,-0.022496049
12.025,-0.022212541
12.0375,-0.022348143
12.05,-0.022160619
12.0625,-0.022289586
12.075,-0.022240434
12.0875,-0.022243977
12.1,-0.022150376
12.1125,-0.02215334
12.125,-0.02226588
12.1375,-0.022298411
12.15,-0.022245845
12.1625,-0.022366889
12.175,-0.0224621
12.1875,-0.022265429
12.2,-0.022226198
12.2125,-0.022061929
12.225,-0.022215955
12.2375,-0.022029849
12.25,-0.022042024
12.2625,-0.021853147
12.275,-0.021896566
12.2875,-0.021698348
12.3,-0.021687784
12.3125,-0.021584327
12.325,-0.02172592
12.3375,-0.021487698
12.35,-0.021588192
12.3625,-0.021359247
12.375,-0.021632512
12.3875,-0.021650099
12.4,-0.021747951
12.4125,-0.021501935
12.425,-0.02150799
12.4375,-0.021192595
12.45,-0.021101829
12.4625,-0.021052033
12.475,-0.02123582
12.4875,-0.021359247
12.5,-0.021375158
12.5125,-0.021395837
12.525,-0.021372646
12.5375,-0.021364529
12.55,-0.021332513
12.5625,-0.02158233
12.575,-0.021524224
12.5875,-0.021491435
12.6,-0.021345783
12.6125,-0.021523386
12.625,-0.021195043
12.6375,-0.021247544
12.65,-0.020993476
12.6625,-0.021160836
12.675,-0.021029615
12.6875,-0.021449498
12.7,-0.021515721
12.7125,-0.021884584
12.725,-0.021865194
12.7375,-0.021984111
12.75,-0.021989522
12.7625,-0.022126284
12.775,-0.021799357
12.7875,-0.021797747
12.8,-0.021698606
12.8125,-0.021848574
12.825,-0.021903909
12.8375,-0.022137171
12.85,-0.021968973
12.8625,-0.021877111
12.875,-0.021893409
12.8875,-0.022029204
12.9,-0.022111403
12.9125,-0.02213002
12.925,-0.022330814
12.9375,-0.02244709
12.95,-0.022613742
12.9625,-0.02273266
12.975,-0.022959286
12.9875,-0.02276313
13,-0.022810156
13.0125,-0.022689306
13.025,-0.022706957
13.0375,-0.022550096
13.05,-0.022718681
13.0625,-0.022697938
13.075,-0.022638737
13.0875,-0.022569615
13.1,-0.022663216
13.1125,-0.02263455
13.125,-0.022736267
13.1375,-0.022493859
13.15,-0.02250758
13.1625,-0.022309749
13.175,-0.022317157
13.1875,-0.02224314
13.2,-0.022269358
13.2125,-0.022235087
13.225,-0.022205261
13.2375,-0.022212348
13.25,-0.022232511
13.2625,-0.022256539
13.275,-0.022221495
13.2875,-0.022149797
13.3,-0.022060319
13.3125,-0.02207623
13.325,-0.022040027
13.3375,-0.02208177
13.35,-0.021863003
13.3625,-0.022030557
13.375,-0.021996866
13.3875,-0.022100452
13.4,-0.022061285
13.4125,-0.022010201
13.425,-0.021890961
13.4375,-0.02185289
13.45,-0.02188613
13.4625,-0.021873375
13.475,-0.021870025
13.4875,-0.022029462
13.5,-0.022106378
13.5125,-0.022238051
13.525,-0.022132726
13.5375,-0.022246168
13.55,-0.022286494
13.5625,-0.022365021
13.575,-0.02221763
13.5875,-0.022231867
13.6,-0.022116685
13.6125,-0.022156174
13.625,-0.022284432
13.6375,-0.022535344
13.65,-0.022569164
13.6625,-0.022743224
13.675,-0.022805711
13.6875,-0.022942601
13.7,-0.023024478
13.7125,-0.023118207
13.725,-0.023244018
13.7375,-0.023278417
13.75,-0.023345929
13.7625,-0.023630532
13.775,-0.023848203
13.7875,-0.024058596
13.8,-0.024412256
13.8125,-0.024810301
13.825,-0.025223742
13.8375,-0.025547834
13.85,-0.026152535
13.8625,-0.026737717
13.875,-0.027535804
13.8875,-0.028084138
13.9,-0.028739086
13.9125,-0.029351517
13.925,-0.030167384
13.9375,-0.03064241
13.95,-0.031423554
13.9625,-0.032063814
13.975,-0.033038152
13.9875,-0.033698446
14,-0.03463819
14.0125,-0.035389573
14.025,-0.036195068
14.0375,-0.036960817
14.05,-0.03765229
14.0625,-0.038222978
14.075,-0.038691175
14.0875,-0.039028731
14.1,-0.039341292
14.1125,-0.039611916
14.125,-0.039775025
14.1375,-0.039810906
14.15,-0.039844017
14.1625,-0.039819731
14.175,-0.039799762
14.1875,-0.03979886
14.2,-0.039770064
14.2125,-0.039650374
14.225,-0.039601093
14.2375,-0.03951329
14.25,-0.039229654
14.2625,-0.039068477
14.275,-0.038694912
14.2875,-0.038486194
14.3,-0.037914862
14.3125,-0.037752784
14.325,-0.037209925
14.3375,-0.036987358
14.35,-0.036405074
14.3625,-0.0362725
14.375,-0.035787876
14.3875,-0.035675594
14.4,-0.035228526
14.4125,-0.035056398
14.425,-0.034508708
14.4375,-0.034237633
14.45,-0.033733039
14.4625,-0.033438902
14.475,-0.032973024
14.4875,-0.032804826
14.5,-0.032646355
14.5125,-0.032297913
14.525,-0.031953594
14.5375,-0.031588789
14.55,-0.031101008
14.5625,-0.030823427
14.575,-0.030581534
14.5875,-0.03041675
14.6,-0.030192185
14.6125,-0.029870863
14.625,-0.029691714
14.6375,-0.029399832
14.65,-0.029435713
14.6625,-0.029165991
14.675,-0.029265454
14.6875,-0.028884351
14.7,-0.028954568
14.7125,-0.028678081
14.725,-0.028703205
14.7375,-0.028433805
14.75,-0.028311988
14.7625,-0.027931787
14.775,-0.028023584
14.7875,-0.027846239
14.8,-0.027915232
14.8125,-0.02791098
14.825,-0.028196099
14.8375,-0.028053539
14.85,-0.028061527
14.8625,-0.027923413
14.875,-0.027792836
14.8875,-0.02756621
14.9,-0.027379846
14.9125,-0.027363741
14.925,-0.027100782
14.9375,-0.027196058
14.95,-0.027149999
14.9625,-0.027159984
14.975,-0.026804906
14.9875,-0.0268366
15,-0.026697971
15.0125,-0.026598636
15.025,-0.02626398
15.0375,-0.02661545
15.05,-0.026463485
15.0625,-0.026730502
15.075,-0.026554252
15.0875,-0.026812121
15.1,-0.026604305
15.1125,-0.026681673
15.125,-0.026414656
15.1375,-0.026423095
15.15,-0.026205359
15.1625,-0.026408987
15.175,-0.026194278
15.1875,-0.026304435
15.2,-0.026091788
15.2125,-0.026186097
15.225,-0.025917148
15.2375,-0.025974803
15.25,-0.025950775
15.2625,-0.025995546
15.275,-0.026002503
15.2875,-0.025632996
15.3,-0.02552052
15.3125,-0.025327134
15.325,-0.02533815
15.3375,-0.025315797
15.35,-0.025317536
15.3625,-0.025263038
15.375,-0.025439288
15.3875,-0.025306069
15.4,-0.025708044
15.4125,-0.025652386
15.425,-0.02592636
15.4375,-0.025497265
15.45,-0.025489921
15.4625,-0.025314637
15.475,-0.025510213
15.4875,-0.02535928
15.5,-0.025611544
15.5125,-0.025379572
15.525,-0.025489342
15.5375,-0.025434457
15.55,-0.025581912
15.5625,-0.025427435
15.575,-0.025472528
15.5875,-0.025556531
15.6,-0.025715194
15.6125,-0.025849766
15.625,-0.025848864
15.6375,-0.02591966
15.65,-0.02598846
15.6625,-0.026009203
15.675,-0.025887258
15.6875,-0.025845192
15.7,-0.025684982
15.7125,-0.025730011
15.725,-0.025287452
15.7375,-0.025408753
15.75,-0.025226448
15.7625,-0.025530119
15.775,-0.02542183
15.7875,-0.025551119
15.8,-0.025500937
15.8125,-0.025689427
15.825,-0.025488891
15.8375,-0.025570509
15.85,-0.025445601
15.8625,-0.025538493
15.875,-0.025291768
15.8875,-0.025528766
15.9,-0.025560267
15.9125,-0.025802547
15.925,-0.025887837
15.9375,-0.02626733
15.95,-0.026452019
15.9625,-0.02686269
15.975,-0.027083132
15.9875,-0.027484784
16,-0.027543405
16.0125,-0.027744586
16.025,-0.027929919
16.0375,-0.027941257
16.05,-0.028054377
16.0625,-0.027929082
16.075,-0.028084203
16.0875,-0.028283902
16.1,-0.028377438
16.1125,-0.028482054
16.125,-0.028574431
16.1375,-0.028457189
16.15,-0.028437283
16.1625,-0.02837338
16.175,-0.028535071
16.1875,-0.028356437
16.2,-0.02839
16.2125,-0.02798358
16.225,-0.027812934
16.2375,-0.027236256
16.25,-0.027229814
16.2625,-0.026779138
16.275,-0.026685989
16.2875,-0.026415236
16.3,-0.026537954
16.3125,-0.026325178
16.325,-0.026327561
16.3375,-0.026027627
16.35,-0.026008108
16.3625,-0.025819811
16.375,-0.025807507
16.3875,-0.025670745
16.4,-0.025622109
16.4125,-0.025564003
16.425,-0.02538305
16.4375,-0.025205254
16.45,-0.025212275
16.4625,-0.025217493
16.475,-0.025155393
16.4875,-0.025116613
16.5,-0.025202935
16.5125,-0.025359924
16.525,-0.025326233
16.5375,-0.025561813
16.55,-0.025523934
16.5625,-0.025659859
16.575,-0.025343368
16.5875,-0.025528122
16.6,-0.025334285
16.6125,-0.025468599
16.625,-0.025158679
16.6375,-0.025334607
16.65,-0.025204996
16.6625,-0.025353611
16.675,-0.025177038
16.6875,-0.025401667
16.7,-0.025217171
16.7125,-0.025333834
16.725,-0.025028552
16.7375,-0.025118353
16.75,-0.024892177
16.7625,-0.0248858
16.775,-0.024687003
16.7875,-0.024689
16.8,-0.024452711
16.8125,-0.024545474
16.825,-0.024542962
16.8375,-0.024548824
16.85,-0.024539419
16.8625,-0.024437315
16.875,-0.024713544
16.8875,-0.024664263
16.9,-0.024773002
16.9125,-0.024667871
16.925,-0.024834522
16.9375,-0.024768622
16.95,-0.024923356
16.9625,-0.02463083
16.975,-0.025034415
16.9875,-0.025000659
17,-0.02520345
17.0125,-0.024951829
17.025,-0.025161513
17.0375,-0.024773969
17.05,-0.024842188
17.0625,-0.024410517
17.075,-0.024680432
17.0875,-0.024483503
17.1,-0.024499222
17.1125,-0.024134739
17.125,-0.02431595
17.1375,-0.024018012
17.15,-0.024215198
17.1625,-0.02419001
17.175,-0.024257715
17.1875,-0.024250629
17.2,-0.024274206
17.2125,-0.024339398
17.225,-0.024417989
17.2375,-0.024528597
17.25,-0.024371801
17.2625,-0.024632054
17.275,-0.024538131
17.2875,-0.024919813
17.3,-0.024716185
17.3125,-0.024873689
17.325,-0.024548116
17.3375,-0.024845087
17.35,-0.024409486
17.3625,-0.024668901
17.375,-0.024436349
17.3875,-0.024867312
17.4,-0.024572273
17.4125,-0.024854041
17.425,-0.024579552
17.4375,-0.024892049
17.45,-0.024551594
17.4625,-0.024886058
17.475,-0.024627287
17.4875,-0.02480547
17.5,-0.024445239
17.5125,-0.024492651
17.525,-0.024408584
17.5375,-0.024737765
17.55,-0.024794389
17.5625,-0.024799221
17.575,-0.024713866
17.5875,-0.024647836
17.6,-0.024689
17.6125,-0.02452267
17.625,-0.024762373
17.6375,-0.024301971
17.65,-0.02432587
17.6625,-0.023902058
17.675,-0.024449233
17.6875,-0.024183182
17.7,-0.024757413
17.7125,-0.024473261
17.725,-0.024860999
17.7375,-0.024472745
17.75,-0.024716636
17.7625,-0.024319686
17.775,-0.024537744
17.7875,-0.023971888
17.8,-0.024093575
17.8125,-0.02362847
17.825,-0.023871716
17.8375,-0.023664738
17.85,-0.023912687
17.8625,-0.023576871
17.875,-0.023852777
17.8875,-0.023855225
17.9,-0.023952433
17.9125,-0.023834933
17.925,-0.023770707
17.9375,-0.023796346
17.95,-0.023857737
17.9625,-0.023970342
17.975,-0.02364786
17.9875,-0.023895873
18,-0.023806911
18.0125,-0.024087584
18.025,-0.023842857
18.0375,-0.024056341
18.05,-0.023732314
18.0625,-0.023961838
18.075,-0.023489776
18.0875,-0.023845369
18.1,-0.023524111
18.1125,-0.024023745
18.125,-0.023550652
18.1375,-0.024141761
18.15,-0.02391842
18.1625,-0.024342684
18.175,-0.023838669
18.1875,-0.023812129
18.2,-0.02324318
18.2125,-0.023356493
18.225,-0.023242923
18.2375,-0.023639164
18.25,-0.023737016
18.2625,-0.024076118
18.275,-0.024024389
18.2875,-0.024122371
18.3,-0.024115478
18.3125,-0.024089775
18.325,-0.024328576
18.3375,-0.024352282
18.35,-0.024659689
18.3625,-0.02442572
18.375,-0.024616271
18.3875,-0.024342361
18.4,-0.024563447
18.4125,-0.024210238
18.425,-0.024395056
18.4375,-0.024023423
18.45,-0.02442121
18.4625,-0.024200575
18.475,-0.024611246
18.4875,-0.024336693
18.5,-0.024679337
18.5125,-0.02433418
18.525,-0.024346484
18.5375,-0.023949792
18.55,-0.024061237
18.5625,-0.023721556
18.575,-0.024057629
18.5875,-0.023947666
18.6,-0.024333021
18.6125,-0.024263706
18.625,-0.024400016
18.6375,-0.024353248
18.65,-0.02458696
18.6625,-0.024841673
18.675,-0.025113908
18.6875,-0.025683178
18.7,-0.026090628
18.7125,-0.026746285
18.725,-0.027150192
18.7375,-0.028082914
18.75,-0.028807757
18.7625,-0.030100002
18.775,-0.030891002
18.7875,-0.032402658
18.8,-0.033273539
18.8125,-0.034535313
18.825,-0.035197927
18.8375,-0.036569665
18.85,-0.037218299
18.8625,-0.038104125
18.875,-0.03830756
18.8875,-0.039087932
18.9,-0.038954778
18.9125,-0.03931037
18.925,-0.03877653
18.9375,-0.038625983
18.95,-0.037820359
18.9625,-0.037360408
18.975,-0.036545959
18.9875,-0.036178191
19,-0.035507009
19.0125,-0.035050085
19.025,-0.034329559
19.0375,-0.033580753
19.05,-0.032816035
19.0625,-0.03215851
19.075,-0.031617906
19.0875,-0.03112858
19.1,-0.030832381
19.1125,-0.030251644
19.125,-0.029994934
19.1375,-0.02939835
19.15,-0.029231891
19.1625,-0.028414286
19.175,-0.028416476
19.1875,-0.027932947
19.2,-0.028033441
19.2125,-0.027464556
19.225,-0.027587081
19.2375,-0.027079524
19.25,-0.027255775
19.2625,-0.026595673
19.275,-0.026700805
19.2875,-0.026202717
19.3,-0.026298057
19.3125,-0.025862199
19.325,-0.026063637
19.3375,-0.025834241
19.35,-0.026103963
19.3625,-0.0260494
19.375,-0.026056035
19.3875,-0.025985174
19.4,-0.025985754
19.4125,-0.02579224
19.425,-0.025861297
19.4375,-0.026026338
19.45,-0.025941692
19.4625,-0.026069177
19.475,-0.025793464
19.4875,-0.025772849
19.5,-0.025373774
19.5125,-0.025354319
19.525,-0.025053676
19.5375,-0.025196815
19.55,-0.024777254
19.5625,-0.024988419
19.575,-0.024509013
19.5875,-0.024862223
19.6,-0.024541674
19.6125,-0.024831624
19.625,-0.024569245
19.6375,-0.024981011
19.65,-0.024589988
19.6625,-0.024863898
19.675,-0.024515262
19.6875,-0.02466349
19.7,-0.024324582
19.7125,-0.024536005
19.725,-0.024093962
19.7375,-0.024173648
19.75,-0.023691021
19.7625,-0.023801822
19.775,-0.023671695
19.7875,-0.023682904
19.8,-0.023685417
19.8125,-0.023696432
19.825,-0.023872876
19.8375,-0.023795766
19.85,-0.023979683
19.8625,-0.023592782
19.875,-0.023622286
19.8875,-0.023266822
19.9,-0.023545627
19.9125,-0.023268883
19.925,-0.023443394
19.9375,-0.023116339
19.95,-0.023470644
19.9625,-0.023159307
19.975,-0.023647474
19.9875,-0.023294393
20,-0.023648182
20.0125,-0.023290593
20.025,-0.023721362
20.0375,-0.023434891
20.05,-0.023737918
20.0625,-0.023388445
20.075,-0.023564953
20.0875,-0.023319066
20.1,-0.023477859
20.1125,-0.023186234
20.125,-0.023531906
20.1375,-0.023386512
20.15,-0.023409639
20.1625,-0.023299869
20.175,-0.023261668
20.1875,-0.0232837
20.2,-0.023155892
20.2125,-0.023336523
20.225,-0.023247432
20.2375,-0.023595681
20.25,-0.02343109
20.2625,-0.02356753
20.275,-0.023091216
20.2875,-0.023160724
20.3,-0.022647111
20.3125,-0.022876829
20.325,-0.022506291
20.3375,-0.022792569
20.35,-0.0223446
20.3625,-0.02290176
20.375,-0.022818401
20.3875,-0.023448612
20.4,-0.023249687
20.4125,-0.023526108
20.425,-0.023173543
20.4375,-0.023364159
20.45,-0.022925015
20.4625,-0.023190614
20.475,-0.02298428
20.4875,-0.023236481
20.5,-0.022825938
20.5125,-0.022914386
20.525,-0.022939316
20.5375,-0.023048442
20.55,-0.023025702
20.5625,-0.023058813
20.575,-0.023024027
20.5875,-0.022833798
20.6,-0.022882047
20.6125,-0.022684023
20.625,-0.022905174
20.6375,-0.02270876
20.65,-0.023062292
20.6625,-0.022915803
20.675,-0.02319332
20.6875,-0.022542946
20.7,-0.022759265
20.7125,-0.022318574
20.725,-0.022562787
20.7375,-0.022222204
20.75,-0.022693106
20.7625,-0.02258018
20.775,-0.022892676
20.7875,-0.022544234
20.8,-0.022998775
20.8125,-0.022714816
20.825,-0.022965534
20.8375,-0.022661026
20.85,-0.02293938
20.8625,-0.02269884
20.875,-0.02277202
20.8875,-0.022618638
20.9,-0.022779814
20.9125,-0.022953681
20.925,-0.023222566
20.9375,-0.023260058
20.95,-0.02317058
20.9625,-0.023341806
20.975,-0.023208587
20.9875,-0.023305473
21,-0.023061583
21.0125,-0.023510648
21.025,-0.023345349
21.0375,-0.023393792
21.05,-0.022910907
21.0625,-0.023239766
21.075,-0.022863044
21.0875,-0.023239508
21.1,-0.022790121
21.1125,-0.023046187
21.125,-0.022917542
21.1375,-0.023378589
21.15,-0.023176571
21.1625,-0.023470708
21.175,-0.023179534
21.1875,-0.023390571
21.2,-0.023200921
21.2125,-0.023298387
21.225,-0.023050954
21.2375,-0.023048184
21.25,-0.022780652
21.2625,-0.022924371
21.275,-0.022805196
21.2875,-0.022778784
21.3,-0.022877409
21.3125,-0.022878311
21.325,-0.023028987
21.3375,-0.022945565
21.35,-0.0230525
21.3625,-0.022693106
21.375,-0.022753016
21.3875,-0.022487223
21.4,-0.022644148
21.4125,-0.022204424
21.425,-0.022497466
21.4375,-0.022229419
21.45,-0.022428602
21.4625,-0.021966718
21.475,-0.022558728
21.4875,-0.022547004
21.5,-0.022942859
21.5125,-0.022612067
21.525,-0.023003284
21.5375,-0.022845006
21.55,-0.022917027
21.5625,-0.022673781
21.575,-0.022783551
21.5875,-0.022451406
21.6,-0.022588104
21.6125,-0.022619153
21.625,-0.022833347
21.6375,-0.022685247
21.65,-0.022609297
21.6625,-0.022507644
21.675,-0.022451278
21.6875,-0.022464548
21.7,-0.022313679
21.7125,-0.022630169
21.725,-0.022483616
21.7375,-0.022793858
21.75,-0.022783422
21.7625,-0.022974231
21.775,-0.022738071
21.7875,-0.02277975
21.8,-0.02251196
21.8125,-0.022740583
21.825,-0.022325532
21.8375,-0.022625789
21.85,-0.022534571
21.8625,-0.0228939
21.875,-0.022544685
21.8875,-0.022803521
21.9,-0.022554606
21.9125,-0.022773179
21.925,-0.02258295
21.9375,-0.022747927
21.95,-0.022695361
21.9625,-0.022845522
21.975,-0.022632424
21.9875,-0.022796499
22,-0.022495598
22.0125,-0.022487996
22.025,-0.022476723
22.0375,-0.022536504
22.05,-0.022555894
22.0625,-0.022626497
22.075,-0.022712948
22.0875,-0.02264447
22.1,-0.022662765
22.1125,-0.022624178
22.125,-0.022790637
22.1375,-0.02273704
22.15,-0.023108802
22.1625,-0.022877216
22.175,-0.023059522
22.1875,-0.022613549
22.2,-0.022667661
22.2125,-0.022364054
22.225,-0.022546811
22.2375,-0.022324437
22.25,-0.022710177
22.2625,-0.022442517
22.275,-0.02270496
22.2875,-0.022505583
22.3,-0.022885848
22.3125,-0.022587459
22.325,-0.022711144
22.3375,-0.022561885
22.35,-0.022706699
22.3625,-0.022517178
22.375,-0.022411273
22.3875,-0.022394847
22.4,-0.022508739
22.4125,-0.02240277
22.425,-0.022265493
22.4375,-0.022064184
22.45,-0.02191544
22.4625,-0.022094461
22.475,-0.021918597
22.4875,-0.022081899
22.5,-0.02188555
22.5125,-0.022262723
22.525,-0.022098326
22.5375,-0.022248164
22.55,-0.021924459
22.5625,-0.022358643
22.575,-0.022268714
22.5875,-0.022714494
22.6,-0.022495211
22.6125,-0.022717521
22.625,-0.022262337
22.6375,-0.02243105
22.65,-0.022198304
22.6625,-0.022583272
22.675,-0.022200108
22.6875,-0.022316577
22.7,-0.022274576
22.7125,-0.022641442
22.725,-0.022414752
22.7375,-0.02241327
22.75,-0.022229225
22.7625,-0.022374297
22.775,-0.022335259
22.7875,-0.022260082
22.8,-0.022209578
22.8125,-0.022146833
22.825,-0.022201976
22.8375,-0.022273803
22.85,-0.022566974
22.8625,-0.022452824
22.875,-0.022731436
22.8875,-0.02272873
22.9,-0.02275759
22.9125,-0.022514988
22.925,-0.022612325
22.9375,-0.022299249
22.95,-0.022552544
22.9625,-0.022283853
22.975,-0.022713785
22.9875,-0.022658127
23,-0.023002318
23.0125,-0.022627463
23.025,-0.022775498
23.0375,-0.022388984
23.05,-0.022378999
23.0625,-0.022334679
23.075,-0.022727571
23.0875,-0.022824392
23.1,-0.02287786
23.1125,-0.022857568
23.125,-0.022639896
23.1375,-0.022324372
23.15,-0.022183423
23.1625,-0.022070497
23.175,-0.022015097
23.1875,-0.022207709
23.2,-0.022218016
23.2125,-0.022436783
23.225,-0.022559501
23.2375,-0.022874897
23.25,-0.022526841
23.2625,-0.022508159
23.275,-0.022215762
23.2875,-0.022651685
23.3,-0.02263558
23.3125,-0.022805324
23.325,-0.022582886
23.3375,-0.022714429
23.35,-0.022199657
23.3625,-0.022106958
23.375,-0.021863454
23.3875,-0.022142066
23.4,-0.021945911
23.4125,-0.022195599
23.425,-0.022058579
23.4375,-0.022243784
23.45,-0.022212992
23.4625,-0.022075522
23.475,-0.022025597
23.4875,-0.022109599
23.5,-0.022153984
23.5125,-0.021969424
23.525,-0.021835754
23.5375,-0.02171484
23.55,-0.021778486
23.5625,-0.021843613
23.575,-0.021940242
23.5875,-0.022080675
23.6,-0.022133756
23.6125,-0.021926456
23.625,-0.022195985
23.6375,-0.022165966
23.65,-0.022438136
23.6625,-0.022284948
23.675,-0.022415461
23.6875,-0.02232521
23.7,-0.022547262
23.7125,-0.022283337
23.725,-0.022410114
23.7375,-0.022124738
23.75,-0.022221817
23.7625,-0.021956282
23.775,-0.022302276
23.7875,-0.022177046
23.8,-0.022353039
23.8125,-0.022420356
23.825,-0.022596864
23.8375,-0.022508353
23.85,-0.02239839
23.8625,-0.022347177
23.875,-0.022367275
23.8875,-0.022361091
23.9,-0.02222987
23.9125,-0.0222997
23.925,-0.022258021
23.9375,-0.022307494
23.95,-0.022185871
23.9625,-0.022271677
23.975,-0.022225102
23.9875,-0.022470281
24,-0.022328431
24.0125,-0.022386923
24.025,-0.022225167
24.0375,-0.022379128
24.05,-0.022255702
24.0625,-0.02231574
24.075,-0.022143612
24.0875,-0.022223685
24.1,-0.021827315
24.1125,-0.021881298
24.125,-0.021881363
24.1375,-0.021920079
24.15,-0.021794462
24.1625,-0.022155015
24.175,-0.022322504
24.1875,-0.022495727
24.2,-0.022329268
24.2125,-0.022497724
24.225,-0.022571032
24.2375,-0.022544492
24.25,-0.02234067
24.2625,-0.022287718
24.275,-0.022215697
24.2875,-0.022257505
24.3,-0.022454821
24.3125,-0.0225347
24.325,-0.022502684
24.3375,-0.022323277
24.35,-0.022379773
24.3625,-0.022325918
24.375,-0.02227142
24.3875,-0.022240434
24.4,-0.022341379
24.4125,-0.022296157
24.425,-0.022421258
24.4375,-0.022378226
24.45,-0.022381447
24.4625,-0.022325467
24.475,-0.022338029
24.4875,-0.022236698
24.5,-0.022217372
24.5125,-0.022155466
24.525,-0.022278892
24.5375,-0.022115719
24.55,-0.022238115
24.5625,-0.02214052
24.575,-0.02209955
24.5875,-0.021705563
24.6,-0.021713809
24.6125,-0.021575437
24.625,-0.021725855
24.6375,-0.021650421
24.65,-0.021937407
24.6625,-0.022030879
24.675,-0.022239275
24.6875,-0.022409599
24.7,-0.022724736
24.7125,-0.022519175
24.725,-0.022437299
24.7375,-0.022300537
24.75,-0.022252674
24.7625,-0.022214795
24.775,-0.022348529
24.7875,-0.022530577
24.8,-0.022709018
24.8125,-0.022706957
24.825,-0.022667661
24.8375,-0.02255744
24.85,-0.022478011
24.8625,-0.022480331
24.875,-0.022161457
24.8875,-0.022406764
24.9,-0.022367082
24.9125,-0.022645952
24.925,-0.022419906
24.9375,-0.022294675
24.95,-0.022088728
24.9625,-0.02200144
24.975,-0.022018382
24.9875,-0.02221821
25,-0.022055487
25.0125,-0.022263367
25.025,-0.022032168
25.0375,-0.022179172
25.05,-0.021914539
25.0625,-0.021951902
25.075,-0.021663369
25.0875,-0.021680247
25.1,-0.02164224
25.1125,-0.021718254
25.125,-0.021700345
25.1375,-0.02167986
25.15,-0.021582652
25.1625,-0.021668136
25.175,-0.021695836
25.1875,-0.021600367
25.2,-0.02177855
25.2125,-0.021708076
25.225,-0.021791756
25.2375,-0.021612349
25.25,-0.021637859
25.2625,-0.021575373
25.275,-0.021558624
25.2875,-0.021324139
25.3,-0.0215402
25.3125,-0.021365753
25.325,-0.021404791
25.3375,-0.021448983
25.35,-0.021769403
25.3625,-0.021838395
25.375,-0.021906035
25.3875,-0.021744408
25.4,-0.021814238
25.4125,-0.021681986
25.425,-0.021817266
25.4375,-0.021809278
25.45,-0.0218889
25.4625,-0.021696996
25.475,-0.02168263
25.4875,-0.021532598
25.5,-0.021534144
25.5125,-0.021593088
25.525,-0.021708591
25.5375,-0.022004081
25.55,-0.022032941
25.5625,-0.022193086
25.575,-0.022148637
25.5875,-0.022250355
25.6,-0.022005756
25.6125,-0.022008461
25.625,-0.021730494
25.6375,-0.021739448
25.65,-0.021483382
25.6625,-0.02163438
25.675,-0.021620015
25.6875,-0.021903459
25.7,-0.02164997
25.7125,-0.022027143
25.725,-0.02184735
25.7375,-0.022097424
25.75,-0.02209182
25.7625,-0.02249927
25.775,-0.022450698
25.7875,-0.02258076
25.8,-0.022407473
25.8125,-0.022278635
25.825,-0.022271098
25.8375,-0.022157591
25.85,-0.02214387
25.8625,-0.022001375
25.875,-0.022064377
25.8875,-0.022138008
25.9,-0.022113207
25.9125,-0.022151665
25.925,-0.022301568
25.9375,-0.022307494
25.95,-0.022226262
25.9625,-0.021952481
25.975,-0.022167061
25.9875,-0.021941852
26,-0.022097682
26.0125,-0.022016707
26.025,-0.022196372
26.0375,-0.022067727
26.05,-0.022121066
26.0625,-0.021954285
26.075,-0.02188059
26.0875,-0.021636184
26.1,-0.021683661
26.1125,-0.021573504
26.125,-0.021833822
26.1375,-0.021881943
26.15,-0.022052331
26.1625,-0.021883811
26.175,-0.021997253
26.1875,-0.02201529
26.2,-0.021852954
26.2125,-0.021752589
26.225,-0.021712778
26.2375,-0.021656927
26.25,-0.021751043
26.2625,-0.021849282
26.275,-0.021817073
26.2875,-0.021877369
26.3,-0.021769531
26.3125,-0.021767792
26.325,-0.021737386
26.3375,-0.021887354
26.35,-0.02192053
26.3625,-0.022071463
26.375,-0.0219682
26.3875,-0.022073653
26.4,-0.021945073
26.4125,-0.021889673
26.425,-0.021778357
26.4375,-0.021824739
26.45,-0.021898756
26.4625,-0.022084089
26.475,-0.022040671
26.4875,-0.02213614
26.5,-0.021985786
26.5125,-0.022076746
26.525,-0.021977862
26.5375,-0.021918983
26.55,-0.021969359
26.5625,-0.022187417
26.575,-0.022105799
26.5875,-0.022109728
26.6,-0.022123063
26.6125,-0.022118489
26.625,-0.022040091
26.6375,-0.0220303
26.65,-0.022030428
26.6625,-0.022116557
26.675,-0.022203458
26.6875,-0.022202749
26.7,-0.02209736
26.7125,-0.021857785
26.725,-0.021635153
26.7375,-0.021616343
26.75,-0.021741251
26.7625,-0.021723085
26.775,-0.021735583
26.7875,-0.021814689
26.8,-0.021929097
26.8125,-0.021805284
26.825,-0.021992163
26.8375,-0.021900238
26.85,-0.021996802
26.8625,-0.022031266
26.875,-0.022210415
26.8875,-0.022295835
26.9,-0.022349431
26.9125,-0.022291068
26.925,-0.022274963
26.9375,-0.022140714
26.95,-0.022088534
26.9625,-0.021964657
26.975,-0.022123514
26.9875,-0.021874212
27,-0.022122998
27.0125,-0.022126928
27.025,-0.02213672
27.0375,-0.021947328
27.05,-0.021860749
27.0625,-0.021743699
27.075,-0.0217265
27.0875,-0.02195712
27.1,-0.022189801
27.1125,-0.022162036
27.125,-0.022151729
27.1375,-0.022040993
27.15,-0.022012069
27.1625,-0.021971421
27.175,-0.021833113
27.1875,-0.021864743
27.2,-0.021748209
27.2125,-0.021860491
27.225,-0.021633543
27.2375,-0.021793044
27.25,-0.021735196
27.2625,-0.021963561
27.275,-0.021823257
27.2875,-0.022179558
27.3,-0.022076488
27.3125,-0.022224716
27.325,-0.021976252
27.3375,-0.022039383
27.35,-0.021917695
27.3625,-0.022227035
27.375,-0.02212944
27.3875,-0.022152502
27.4,-0.021800517
27.4125,-0.021899078
27.425,-0.021791692
27.4375,-0.021913766
27.45,-0.021918082
27.4625,-0.022190896
27.475,-0.022267104
27.4875,-0.022411595
27.5,-0.022457204
27.5125,-0.022356131
27.525,-0.022258343
27.5375,-0.021995062
27.55,-0.021907066
27.5625,-0.021721346
27.575,-0.021947843
27.5875,-0.021969681
27.6,-0.022224523
27.6125,-0.022097102
27.625,-0.022275994
27.6375,-0.022082221
27.65,-0.022219176
27.6625,-0.022061414
27.675,-0.022349882
27.6875,-0.022114882
27.7,-0.022381576
27.7125,-0.022174985
27.725,-0.022242496
27.7375,-0.02185392
27.75,-0.021965623
27.7625,-0.021781256
27.775,-0.021751365
27.7875,-0.021507668
27.8,-0.021432234
27.8125,-0.021098479
27.825,-0.021179003
27.8375,-0.021325105
27.85,-0.021591284
27.8625,-0.021858494
27.875,-0.022097038
27.8875,-0.022152245
27.9,-0.022115268
27.9125,-0.022142131
27.925,-0.021740285
27.9375,-0.021894311
27.95,-0.021690489
27.9625,-0.021928002
27.975,-0.021492079
27.9875,-0.021864421
28,-0.021718834
28.0125,-0.021999636
28.025,-0.021793109
28.0375,-0.022210737
28.05,-0.021911446
28.0625,-0.022360125
28.075,-0.021966782
28.0875,-0.022022698
28.1,-0.02165274
28.1125,-0.021841487
28.125,-0.02160565
28.1375,-0.021639534
28.15,-0.021674385
28.1625,-0.021625297
28.175,-0.021436936
28.1875,-0.021577885
28.2,-0.021651258
28.2125,-0.021693775
28.225,-0.021835496
28.2375,-0.02187608
28.25,-0.022084025
28.2625,-0.021966654
28.275,-0.022277024
28.2875,-0.021937987
28.3,-0.02207462
28.3125,-0.02203191
28.325,-0.02238396
28.3375,-0.022098906
28.35,-0.022230127
28.3625,-0.02185392
28.375,-0.021966009
28.3875,-0.021591477
28.4,-0.021878593
28.4125,-0.021706723
28.425,-0.022010587
28.4375,-0.021857592
28.45,-0.0222376
28.4625,-0.022089114
28.475,-0.022340284
28.4875,-0.022242882
28.5,-0.022233799
28.5125,-0.021980826
28.525,-0.022067018
28.5375,-0.022119262
28.55,-0.022158107
28.5625,-0.022052073
28.575,-0.022014452
28.5875,-0.02207404
28.6,-0.021779452
28.6125,-0.021943205
28.625,-0.021893925
28.6375,-0.022276573
28.65,-0.021964463
28.6625,-0.022137815
28.675,-0.022117587
28.6875,-0.022439424
28.7,-0.022167576
28.7125,-0.022381705
28.725,-0.021979602
28.7375,-0.021996157
28.75,-0.021569382
28.7625,-0.021965687
28.775,-0.021796716
28.7875,-0.022000731
28.8,-0.021962337
28.8125,-0.022230965
28.825,-0.022038932
28.8375,-0.021881685
28.85,-0.02150799
28.8625,-0.021414647
28.875,-0.021206187
28.8875,-0.021352869
28.9,-0.021307325
28.9125,-0.021407883
28.925,-0.02148525
28.9375,-0.021517073
28.95,-0.021718447
28.9625,-0.021818232
28.975,-0.021884584
28.9875,-0.021710008
29,-0.02201748
29.0125,-0.021950162
29.025,-0.02211179
29.0375,-0.022090918
29.05,-0.022284239
29.0625,-0.021859654
29.075,-0.022092528
29.0875,-0.021922591
29.1,-0.022123707
29.1125,-0.02180348
29.125,-0.022071334
29.1375,-0.0220236
29.15,-0.022173245
29.1625,-0.021807217
29.175,-0.021947392
29.1875,-0.021983918
29.2,-0.02208119
29.2125,-0.021979859
29.225,-0.02223264
29.2375,-0.022272644
29.25,-0.022247134
29.2625,-0.022193795
29.275,-0.022256217
29.2875,-0.02226646
29.3,-0.022330685
29.3125,-0.0222548
29.325,-0.022131244
29.3375,-0.022224265
29.35,-0.022334808
29.3625,-0.022633326
29.375,-0.0227487
29.3875,-0.02290556
29.4,-0.022731822
29.4125,-0.022873544
29.425,-0.022621601
29.4375,-0.022720807
29.45,-0.022631393
29.4625,-0.02274986
29.475,-0.022582563
29.4875,-0.022700837
29.5,-0.022252803
29.5125,-0.022409019
29.525,-0.02211456
29.5375,-0.022412175
29.55,-0.02231297
29.5625,-0.022672299
29.575,-0.022643311
29.5875,-0.022720291
29.6,-0.022430148
29.6125,-0.022393236
29.625,-0.022294611
29.6375,-0.02229081
29.65,-0.022338738
29.6625,-0.022501267
29.675,-0.022574125
29.6875,-0.022538823
29.7,-0.022243784
29.7125,-0.022162616
29.725,-0.022132726
29.7375,-0.022156174
29.75,-0.022210351
29.7625,-0.02209562
29.775,-0.022304531
29.7875,-0.022087246
29.8,-0.022119842
29.8125,-0.021894891
29.825,-0.022000087
29.8375,-0.021896308
29.85,-0.022149346
29.8625,-0.021898434
29.875,-0.021991004
29.8875,-0.021924524
29.9,-0.021964914
29.9125,-0.021461673
29.925,-0.021360922
29.9375,-0.021268481
29.95,-0.021515141
29.9625,-0.021447565
29.975,-0.021668007
29.9875,-0.021618662
30,-0.021897918
30.0125,-0.021870476
30.025,-0.021950613
30.0375,-0.021873633
30.05,-0.021792593
30.0625,-0.021898047
30.075,-0.021790532
30.0875,-0.021860491
30.1,-0.021998863
30.1125,-0.022162358
30.125,-0.022043505
30.1375,-0.022170604
30.15,-0.022098906
30.1625,-0.022399485
30.175,-0.022123321
30.1875,-0.022210028
30.2,-0.02188059
30.2125,-0.022163003
30.225,-0.02190887
30.2375,-0.02217215
30.25,-0.021930386
30.2625,-0.022106249
30.275,-0.021874663
30.2875,-0.022123063
30.3,-0.021896115
30.3125,-0.022126799
30.325,-0.021845353
30.3375,-0.022104059
30.35,-0.021975028
30.3625,-0.022236505
30.375,-0.022171635
30.3875,-0.022118747
30.4,-0.021944365
30.4125,-0.022002342
30.425,-0.022003372
30.4375,-0.021966396
30.45,-0.021941144
30.4625,-0.021963304
30.475,-0.022015676
30.4875,-0.021956604
30.5,-0.022109921
30.5125,-0.022005241
30.525,-0.022240112
30.5375,-0.022078807
30.55,-0.02234679
30.5625,-0.022180718
30.575,-0.022295641
30.5875,-0.022068436
30.6,-0.022115526
30.6125,-0.021779645
30.625,-0.021840328
30.6375,-0.021503223
30.65,-0.021773525
30.6625,-0.021472109
30.675,-0.021776489
30.6875,-0.021734938
30.7,-0.02195319
30.7125,-0.021871507
30.725,-0.022039962
30.7375,-0.021919048
30.75,-0.022184647
30.7625,-0.022048788
30.775,-0.021881685
30.7875,-0.02166266
30.8,-0.021465603
30.8125,-0.021464379
30.825,-0.021516236
30.8375,-0.021707238
30.85,-0.021543872
30.8625,-0.021774943
30.875,-0.021541166
30.8875,-0.021833822
30.9,-0.021524546
30.9125,-0.021553599
30.925,-0.021390104
30.9375,-0.021849797
30.95,-0.021779259
30.9625,-0.022151923
30.975,-0.021693839
30.9875,-0.021692293
31,-0.021162511
31.0125,-0.021372968
31.025,-0.020999853
31.0375,-0.021267128
31.05,-0.021201163
31.0625,-0.02164939
31.075,-0.021659633
31.0875,-0.021978056
31.1,-0.021877111
31.1125,-0.021874792
31.125,-0.021950871
31.1375,-0.02207288
31.15,-0.022222139
31.1625,-0.022226391
31.175,-0.022329332
31.1875,-0.022157398
31.2,-0.022294546
31.2125,-0.022020765
31.225,-0.02208731
31.2375,-0.021685787
31.25,-0.021729527
31.2625,-0.021573698
31.275,-0.021981083
31.2875,-0.02190829
31.3,-0.022206228
31.3125,-0.021951773
31.325,-0.022203458
31.3375,-0.021908354
31.35,-0.02210116
31.3625,-0.021874921
31.375,-0.022064184
31.3875,-0.021854887
31.4,-0.022127121
31.4125,-0.021946426
31.425,-0.02205349
31.4375,-0.022000023
31.45,-0.022044923
31.4625,-0.021797103
31.475,-0.02183511
31.4875,-0.021813465
31.5,-0.021843742
31.5125,-0.02198759
31.525,-0.022051815
31.5375,-0.022069531
31.55,-0.021873697
31.5625,-0.021900882
31.575,-0.021701827
31.5875,-0.021818039
31.6,-0.021606358
31.6125,-0.021811468
31.625,-0.021685207
31.6375,-0.021833177
31.65,-0.02148757
31.6625,-0.021656154
31.675,-0.021634058
31.6875,-0.021851021
31.7,-0.021608742
31.7125,-0.021798842
31.725,-0.021676253
31.7375,-0.021716515
31.75,-0.021429657
31.7625,-0.021549734
31.775,-0.021502193
31.7875,-0.021665559
31.8,-0.021516494
31.8125,-0.021693968
31.825,-0.021666525
31.8375,-0.021573247
31.85,-0.021523064
31.8625,-0.021554694
31.875,-0.021670326
31.8875,-0.021831052
31.9,-0.021946619
31.9125,-0.021898563
31.925,-0.021997381
31.9375,-0.021868801
31.95,-0.021853276
31.9625,-0.021627874
31.975,-0.021735518
31.9875,-0.021683919
32,-0.021967813
32.0125,-0.021746663
32.025,-0.02190713
32.0375,-0.02165158
32.05,-0.021491757
32.0625,-0.021275373
32.075,-0.021298435
32.0875,-0.021168051
32.1,-0.021356348
32.1125,-0.021356348
32.125,-0.021767985
32.1375,-0.021955573
32.15,-0.022156496
32.1625,-0.022115075
32.175,-0.022190832
32.1875,-0.022055681
32.2,-0.021974255
32.2125,-0.022014646
32.225,-0.022057355
32.2375,-0.021973418
32.25,-0.022041831
32.2625,-0.022113078
32.275,-0.022128281
32.2875,-0.022296414
32.3,-0.022252996
32.3125,-0.022273674
32.325,-0.022074169
32.3375,-0.022006915
32.35,-0.021793817
32.3625,-0.02165712
32.375,-0.021486668
32.3875,-0.021617116
32.4,-0.021647457
32.4125,-0.021916149
32.425,-0.021888642
32.4375,-0.02210013
32.45,-0.021930643
32.4625,-0.022043248
32.475,-0.021962788
32.4875,-0.022027594
32.5,-0.021874148
32.5125,-0.021920465
32.525,-0.021679796
32.5375,-0.021689587
32.55,-0.021424181
32.5625,-0.021524288
32.575,-0.021317439
32.5875,-0.021446728
32.6,-0.021593796
32.6125,-0.021920272
32.625,-0.021984691
32.6375,-0.02222871
32.65,-0.022192249
32.6625,-0.021815462
32.675,-0.021598306
32.6875,-0.021507411
32.7,-0.021563777
32.7125,-0.021520939
32.725,-0.021718318
32.7375,-0.02178525
32.75,-0.021969617
32.7625,-0.021780547
32.775,-0.021811339
32.7875,-0.02159064
32.8,-0.021675802
32.8125,-0.021436936
32.825,-0.021718125
32.8375,-0.021748466
32.85,-0.021786925
32.8625,-0.021613251
32.875,-0.021786409
32.8875,-0.021808247
32.9,-0.021937794
32.9125,-0.021859525
32.925,-0.022056969
32.9375,-0.021856239
32.95,-0.021757807
32.9625,-0.021604039
32.975,-0.021627294
32.9875,-0.021548768
33,-0.021551215
33.0125,-0.021551666
33.025,-0.021678185
33.0375,-0.021875179
33.05,-0.021835046
33.0625,-0.022060834
33.075,-0.02206734
33.0875,-0.022101676
33.1,-0.021865
33.1125,-0.021793302
33.125,-0.021455553
33.1375,-0.021446148
33.15,-0.021296438
33.1625,-0.021498521
33.175,-0.0214265
33.1875,-0.021641724
33.2,-0.021500196
33.2125,-0.021700603
33.225,-0.021755939
33.2375,-0.02216719
33.25,-0.021982179
33.2625,-0.022250741
33.275,-0.022096265
33.2875,-0.022131888
33.3,-0.022036935
33.3125,-0.021952095
33.325,-0.021771722
33.3375,-0.02178744
33.35,-0.021811984
33.3625,-0.021821002
33.375,-0.021892185
33.3875,-0.021748016
33.4,-0.02175755
33.4125,-0.021672259
33.425,-0.02182899
33.4375,-0.021684305
33.45,-0.02200086
33.4625,-0.021729463
33.475,-0.021876918
33.4875,-0.021726435
33.5,-0.021904554
33.5125,-0.021642175
33.525,-0.021697511
33.5375,-0.021493367
33.55,-0.021524933
33.5625,-0.021451688
33.575,-0.021771528
33.5875,-0.021699121
33.6,-0.021815913
33.6125,-0.021705177
33.625,-0.021720831
33.6375,-0.021612349
33.65,-0.021587548
33.6625,-0.021441059
33.675,-0.02154355
33.6875,-0.021667621
33.7,-0.021734037
33.7125,-0.021826929
33.725,-0.02176805
33.7375,-0.021779838
33.75,-0.021588579
33.7625,-0.021660148
33.775,-0.021593088
33.7875,-0.021788277
33.8,-0.021783124
33.8125,-0.021799615
33.825,-0.021573633
33.8375,-0.021665624
33.85,-0.021417546
33.8625,-0.021661501
33.875,-0.021559848
33.8875,-0.021813658
33.9,-0.021646233
33.9125,-0.021965623
33.925,-0.021870089
33.9375,-0.022131502
33.95,-0.022059159
33.9625,-0.022089629
33.975,-0.021983725
33.9875,-0.021773268
34,-0.021733843
34.0125,-0.021853727
34.025,-0.02190771
34.0375,-0.021984111
34.05,-0.022093108
34.0625,-0.022197467
34.075,-0.022071657
34.0875,-0.021794011
34.1,-0.021902814
34.1125,-0.02172592
34.125,-0.021908548
34.1375,-0.021624009
34.15,-0.021775845
34.1625,-0.021586582
34.175,-0.021625684
34.1875,-0.02120535
34.2,-0.021234274
34.2125,-0.021199423
34.225,-0.021547415
34.2375,-0.021455296
34.25,-0.021647651
34.2625,-0.021557206
34.275,-0.021779259
34.2875,-0.021675737
34.3,-0.0216749
34.3125,-0.021568995
34.325,-0.021713294
34.3375,-0.021854629
34.35,-0.021951644
34.3625,-0.022070304
34.375,-0.021969488
34.3875,-0.021984369
34.4,-0.021850957
34.4125,-0.021858558
34.425,-0.021673676
34.4375,-0.021751816
34.45,-0.021493818
34.4625,-0.021542777
34.475,-0.021410073
34.4875,-0.021518362
34.5,-0.021385916
34.5125,-0.02157505
34.525,-0.021622398
34.5375,-0.021708269
34.55,-0.021482223
34.5625,-0.021614088
34.575,-0.021493238
34.5875,-0.021755295
34.6,-0.021674513
34.6125,-0.0218612
34.625,-0.021894504
34.6375,-0.022060061
34.65,-0.021822742
34.6625,-0.021845868
34.675,-0.02175362
34.6875,-0.021768307
34.7,-0.021646491
34.7125,-0.021564421
34.725,-0.021627165
34.7375,-0.021794268
34.75,-0.021906615
34.7625,-0.021885421
34.775,-0.022001633
34.7875,-0.022038738
34.8,-0.022310587
34.8125,-0.02197928
34.825,-0.022054457
34.8375,-0.021852439
34.85,-0.021940049
34.8625,-0.021815011
34.875,-0.021972065
34.8875,-0.021741831
34.9,-0.021919241
34.9125,-0.021824739
34.925,-0.022005498
34.9375,-0.021935088
34.95,-0.022001955
34.9625,-0.021982823
34.975,-0.021870863
34.9875,-0.021775522
35,-0.021832533
35.0125,-0.021959374
35.025,-0.02201471
35.0375,-0.022219112
35.05,-0.022055745
35.0625,-0.021955251
35.075,-0.021835819
35.0875,-0.021859525
35.1,-0.021552697
35.1125,-0.021742411
35.125,-0.02174589
35.1375,-0.022000796
35.15,-0.021688492
35.1625,-0.021716128
35.175,-0.021702729
35.1875,-0.02163612
35.2,-0.021307712
35.2125,-0.021502966
35.225,-0.021528282
35.2375,-0.021673418
35.25,-0.02141658
35.2625,-0.021165281
35.275,-0.021017697
35.2875,-0.021080635
35.3,-0.021049907
35.3125,-0.020960365
35.325,-0.021335605
35.3375,-0.021572989
35.35,-0.021757421
35.3625,-0.021781642
35.375,-0.02184561
35.3875,-0.021834337
35.4,-0.021909449
35.4125,-0.021794011
35.425,-0.021869896
35.4375,-0.021747822
35.45,-0.021936956
35.4625,-0.021848702
35.475,-0.021701247
35.4875,-0.021476425
35.5,-0.021590833
35.5125,-0.021664593
35.525,-0.021699894
35.5375,-0.021629291
35.55,-0.02191106
35.5625,-0.02187943
35.575,-0.021861844
35.5875,-0.02170814
35.6,-0.021940371
35.6125,-0.021866289
35.625,-0.021782286
35.6375,-0.02184342
35.65,-0.021780547
35.6625,-0.021605585
35.675,-0.021556111
35.6875,-0.021898949
35.7,-0.022073396
35.7125,-0.022021925
35.725,-0.022004081
35.7375,-0.022031974
35.75,-0.02198701
35.7625,-0.021931932
35.775,-0.021759224
35.7875,-0.021992357
35.8,-0.021857657
35.8125,-0.02185392
35.825,-0.021641273
35.8375,-0.02189328
35.85,-0.021709429
35.8625,-0.021789308
35.875,-0.021872086
35.8875,-0.022152502
35.9,-0.021942561
35.9125,-0.021924266
35.925,-0.02188439
35.9375,-0.021885421
35.95,-0.021972902
35.9625,-0.021973675
35.975,-0.021934444
35.9875,-0.021870218
36,-0.021566096
36.0125,-0.021476876
36.025,-0.02150361
36.0375,-0.021657764
36.05,-0.021751301
36.0625,-0.021846448
36.075,-0.021817201
36.0875,-0.021780676
36.1,-0.021949647
36.1125,-0.022035904
36.125,-0.022024051
36.1375,-0.021937214
36.15,-0.021945846
36.1625,-0.022043119
36.175,-0.021994611
36.1875,-0.021732813
36.2,-0.021671679
36.2125,-0.021439771
36.225,-0.021417288
36.2375,-0.021182224
36.25,-0.021264358
36.2625,-0.021348231
36.275,-0.02153247
36.2875,-0.021565388
36.3,-0.021625426
36.3125,-0.021613122
36.325,-0.021568287
36.3375,-0.021222292
36.35,-0.021213789
36.3625,-0.021152977
36.375,-0.021196911
36.3875,-0.021229636
36.4,-0.02135944
36.4125,-0.021351452
36.425,-0.02133451
36.4375,-0.021508248
36.45,-0.021608677
36.4625,-0.021787955
36.475,-0.02195042
36.4875,-0.022183552
36.5,-0.022098648
36.5125,-0.02206792
36.525,-0.021979795
36.5375,-0.022052911
36.55,-0.021789179
36.5625,-0.021835368
36.575,-0.021904232
36.5875,-0.022028818
36.6,-0.021953061
36.6125,-0.021952095
36.625,-0.021828861
36.6375,-0.02199809
36.65,-0.021998799
36.6625,-0.02208628
36.675,-0.021855595
36.6875,-0.021794719
36.7,-0.021795235
36.7125,-0.021896501
36.725,-0.021779259
36.7375,-0.021856433
36.75,-0.021911189
36.7625,-0.021977927
36.775,-0.022038287
36.7875,-0.022012842
36.8,-0.021829892
36.8125,-0.021805606
36.825,-0.021826349
36.8375,-0.021885035
36.85,-0.021893409
36.8625,-0.021895664
36.875,-0.021893989
36.8875,-0.021728046
36.9,-0.021908805
36.9125,-0.021772044
36.925,-0.021841101
36.9375,-0.0218268
36.95,-0.021969939
36.9625,-0.021796201
36.975,-0.021764571
36.9875,-0.021697447
37,-0.021756583
37.0125,-0.021553728
37.025,-0.021648488
37.0375,-0.021731331
37.05,-0.022067727
37.0625,-0.02201136
37.075,-0.022025661
37.0875,-0.021836398
37.1,-0.021839426
37.1125,-0.021686495
37.125,-0.021655703
37.1375,-0.021386367
37.15,-0.021513466
37.1625,-0.021683661
37.175,-0.021778099
37.1875,-0.021762961
37.2,-0.021552504
37.2125,-0.021509408
37.225,-0.021498392
37.2375,-0.021452783
37.25,-0.021483447
37.2625,-0.021883746
37.275,-0.021738095
37.2875,-0.021859203
37.3,-0.021813594
37.3125,-0.022128474
37.325,-0.02184677
37.3375,-0.021725276
37.35,-0.021506251
37.3625,-0.021558108
37.375,-0.021183254
37.3875,-0.021240394
37.4,-0.021133072
37.4125,-0.021136486
37.425,-0.021014412
37.4375,-0.021374063
37.45,-0.021505091
37.4625,-0.021652804
37.475,-0.021793495
37.4875,-0.022021023
37.5,-0.021980375
37.5125,-0.021972194
37.525,-0.021784605
37.5375,-0.021893796
37.55,-0.021996286
37.5625,-0.021918082
37.575,-0.022013873
37.5875,-0.021907324
37.6,-0.021977927
37.6125,-0.021940886
37.625,-0.022106185
37.6375,-0.021973353
37.65,-0.022124995
37.6625,-0.022039962
37.675,-0.0222137
37.6875,-0.021902685
37.7,-0.022066503
37.7125,-0.022090016
37.725,-0.02229416
37.7375,-0.022008011
37.75,-0.021713809
37.7625,-0.021468115
37.775,-0.021523
37.7875,-0.021375545
37.8,-0.021662081
37.8125,-0.021795299
37.825,-0.022040929
37.8375,-0.02191937
37.85,-0.022068629
37.8625,-0.022019735
37.875,-0.02193599
37.8875,-0.021784928
37.9,-0.02165551
37.9125,-0.021606551
37.925,-0.021617309
37.9375,-0.021794784
37.95,-0.021745696
37.9625,-0.021891283
37.975,-0.021884197
37.9875,-0.022114044
38,-0.02178248
38.0125,-0.021802321
38.025,-0.021705757
38.0375,-0.021950871
38.05,-0.021652031
38.0625,-0.021872086
38.075,-0.02159064
38.0875,-0.021657249
38.1,-0.021464379
38.1125,-0.021553985
38.125,-0.021474299
38.1375,-0.021830407
38.15,-0.021512049
38.1625,-0.021751108
38.175,-0.021744923
38.1875,-0.021806444
38.2,-0.021667621
38.2125,-0.021857979
38.225,-0.021683596
38.2375,-0.021795814
38.25,-0.021760964
38.2625,-0.021731975
38.275,-0.021790146
38.2875,-0.021792142
38.3,-0.021720766
38.3125,-0.021542841
38.325,-0.021441188
38.3375,-0.021241425
38.35,-0.02140273
38.3625,-0.021392874
38.375,-0.021666397
38.3875,-0.02144312
38.4,-0.021784799
38.4125,-0.021682244
38.425,-0.021802192
38.4375,-0.021474879
38.45,-0.021705306
38.4625,-0.02142212
38.475,-0.021600109
38.4875,-0.021267965
38.5,-0.021361952
38.5125,-0.021098543
38.525,-0.021622914
38.5375,-0.02168102
38.55,-0.021942174
38.5625,-0.021959696
38.575,-0.022086988
38.5875,-0.022064184
38.6,-0.021907324
38.6125,-0.02181456
38.625,-0.021858881
38.6375,-0.021942174
38.65,-0.022041831
38.6625,-0.022186
38.675,-0.021955702
38.6875,-0.022060641
38.7,-0.021826671
38.7125,-0.022038287
38.725,-0.021852503
38.7375,-0.02211179
38.75,-0.021976059
38.7625,-0.02204969
38.775,-0.02174138
38.7875,-0.02211224
38.8,-0.021743957
38.8125,-0.022194117
38.825,-0.021876596
38.8375,-0.022024759
38.85,-0.021673869
38.8625,-0.022055165
38.875,-0.021738095
38.8875,-0.021706981
38.9,-0.021568931
38.9125,-0.02166163
38.925,-0.021561716
38.9375,-0.021523258
38.95,-0.021511082
38.9625,-0.021524224
38.975,-0.021589545
38.9875,-0.021805735
39,-0.022020765
39.0125,-0.021879623
39.025,-0.021975479
39.0375,-0.021816815
39.05,-0.022015483
39.0625,-0.021656927
39.075,-0.021757807
39.0875,-0.02144982
39.1,-0.021620724
39.1125,-0.021293282
39.125,-0.021688041
39.1375,-0.021227639
39.15,-0.021633414
39.1625,-0.021443829
39.175,-0.022069531
39.1875,-0.0219166
39.2,-0.022096007
39.2125,-0.021774621
39.225,-0.021997317
39.2375,-0.021856433
39.25,-0.0218994
39.2625,-0.021647393
39.275,-0.021835239
39.2875,-0.02180013
39.3,-0.021769016
39.3125,-0.021639019
39.325,-0.021565839
39.3375,-0.021695965
39.35,-0.021690876
39.3625,-0.021899722
39.375,-0.021757614
39.3875,-0.021841101
39.4,-0.021606487
39.4125,-0.021885228
39.425,-0.021649454
39.4375,-0.021776102
39.45,-0.021456648
39.4625,-0.021729141
39.475,-0.0213434
39.4875,-0.021589416
39.5,-0.021203997
39.5125,-0.021411233
39.525,-0.021056671
39.5375,-0.021324912
39.55,-0.021159355
39.5625,-0.021696738
39.575,-0.021534595
39.5875,-0.021867384
39.6,-0.021703309
39.6125,-0.02202914
39.625,-0.021944429
39.6375,-0.022056196
39.65,-0.022087697
39.6625,-0.022088019
39.675,-0.022270325
39.6875,-0.022205261
39.7,-0.022288298
39.7125,-0.022279859
39.725,-0.022294997
39.7375,-0.02205188
39.75,-0.022121195
39.7625,-0.021798327
39.775,-0.022016643
39.7875,-0.021659375
39.8,-0.021809987
39.8125,-0.021465023
39.825,-0.021905262
39.8375,-0.021552439
39.85,-0.021760964
39.8625,-0.021619113
39.875,-0.02177971
39.8875,-0.021487956
39.9,-0.021661308
39.9125,-0.021403889
39.925,-0.021776038
39.9375,-0.021794397
39.95,-0.022005112
39.9625,-0.021785121
39.975,-0.022059095
39.9875,-0.021866224
40,-0.021665817
40.0125,-0.021769854
40.025,-0.021681277
40.0375,-0.021703631
40.05,-0.021653899
40.0625,-0.021818039
40.075,-0.021642884
40.0875,-0.021679087
40.1,-0.021555789
40.1125,-0.021685851
40.125,-0.021416322
40.1375,-0.021703309
40.15,-0.021630193
40.1625,-0.021982114
40.175,-0.021830085
40.1875,-0.021953448
40.2,-0.021706401
40.2125,-0.021818232
40.225,-0.021443636
40.2375,-0.021538589
40.25,-0.021497748
40.2625,-0.021746083
40.275,-0.021545031
40.2875,-0.021849991
40.3,-0.021708849
40.3125,-0.021908612
40.325,-0.021924717
40.3375,-0.02198585
40.35,-0.02197258
40.3625,-0.021915891
40.375,-0.021871249
40.3875,-0.02177694
40.4,-0.021903974
40.4125,-0.021808634
40.425,-0.022067534
40.4375,-0.021951773
40.45,-0.021849475
40.4625,-0.021633736
40.475,-0.021913315
40.4875,-0.021757485
40.5,-0.022031846
40.5125,-0.022074684
40.525,-0.022278892
40.5375,-0.02202141
40.55,-0.021993065
40.5625,-0.021741058
40.575,-0.021663949
40.5875,-0.021043143
40.6,-0.020909087
40.6125,-0.020706747
40.625,-0.021079411
40.6375,-0.021183641
40.65,-0.021596566
40.6625,-0.02153247
40.675,-0.021663755
40.6875,-0.021707109
40.7,-0.022012971
40.7125,-0.021982629
40.725,-0.022025726
40.7375,-0.022045631
40.75,-0.022093301
40.7625,-0.022016127
40.775,-0.02182841
40.7875,-0.021788728
40.8,-0.021661372
40.8125,-0.021698799
40.825,-0.021742604
40.8375,-0.021970712
40.85,-0.021843613
40.8625,-0.021835368
40.875,-0.021740221
40.8875,-0.021825576
40.9,-0.021627488
40.9125,-0.021704211
40.925,-0.021513337
40.9375,-0.021800002
40.95,-0.021731331
40.9625,-0.021925747
40.975,-0.021764249
40.9875,-0.021879559
41,-0.02184065
41.0125,-0.021962015
41.025,-0.021587934
41.0375,-0.021747565
41.05,-0.021635669
41.0625,-0.021699894
41.075,-0.021553857
41.0875,-0.02189998
41.1,-0.021882458
41.1125,-0.021924974
41.125,-0.021948874
41.1375,-0.022112627
41.15,-0.022029655
41.1625,-0.021797232
41.175,-0.021573118
41.1875,-0.021458903
41.2,-0.021571121
41.2125,-0.021594183
41.225,-0.021671743
41.2375,-0.021666397
41.25,-0.021882136
41.2625,-0.021843871
41.275,-0.021814625
41.2875,-0.021899271
41.3,-0.022121001
41.3125,-0.021954994
41.325,-0.022082157
41.3375,-0.02181353
41.35,-0.021953641
41.3625,-0.021730365
41.375,-0.0217542
41.3875,-0.02155682
41.4,-0.021640307
41.4125,-0.021477005
41.425,-0.021722377
41.4375,-0.021542132
41.45,-0.021840263
41.4625,-0.021855982
41.475,-0.022044858
41.4875,-0.0219682
41.5,-0.022186322
41.5125,-0.02204415
41.525,-0.022087697
41.5375,-0.02191441
41.55,-0.021759997
41.5625,-0.021842325
41.575,-0.021734488
41.5875,-0.021660212
41.6,-0.021606358
41.6125,-0.02175362
41.625,-0.02162388
41.6375,-0.021747436
41.65,-0.021427595
41.6625,-0.021439899
41.675,-0.021048747
41.6875,-0.021247931
41.7,-0.021223065
41.7125,-0.021610932
41.725,-0.021380247
41.7375,-0.021669811
41.75,-0.021413552
41.7625,-0.021713487
41.775,-0.021422506
41.7875,-0.021776038
41.8,-0.021567578
41.8125,-0.021930901
41.825,-0.021843871
41.8375,-0.022158493
41.85,-0.022024953
41.8625,-0.02209736
41.875,-0.021888835
41.8875,-0.021889802
41.9,-0.021786216
41.9125,-0.021771271
41.925,-0.021755295
41.9375,-0.021590704
41.95,-0.021747178
41.9625,-0.021584327
41.975,-0.021737451
41.9875,-0.021478873
42,-0.021589674
42.0125,-0.021373355
42.025,-0.021728625
42.0375,-0.021658215
42.05,-0.022088985
42.0625,-0.02192491
42.075,-0.022312777
42.0875,-0.022036548
42.1,-0.022268779
42.1125,-0.021966525
42.125,-0.022120679
42.1375,-0.021825512
42.15,-0.021972451
42.1625,-0.021770627
42.175,-0.0218889
42.1875,-0.021557593
42.2,-0.021728819
42.2125,-0.021590447
42.225,-0.021848251
42.2375,-0.021838202
42.25,-0.02183949
42.2625,-0.021931352
42.275,-0.022027143
42.2875,-0.02212229
42.3,-0.021931094
42.3125,-0.021920723
42.325,-0.021802127
42.3375,-0.021874212
42.35,-0.021499809
42.3625,-0.021748789
42.375,-0.021554243
42.3875,-0.021906744
42.4,-0.021501806
42.4125,-0.021907581
42.425,-0.021617503
42.4375,-0.021975994
42.45,-0.021550571
42.4625,-0.021802643
42.475,-0.021442347
42.4875,-0.021767857
42.5,-0.021529893
42.5125,-0.021805993
42.525,-0.02164546
42.5375,-0.021900366
42.55,-0.021686109
42.5625,-0.021940693
42.575,-0.021853405
42.5875,-0.021886581
42.6,-0.021829699
42.6125,-0.021799937
42.625,-0.021936892
42.6375,-0.021781835
42.65,-0.021768179
42.6625,-0.021591864
42.675,-0.021843807
42.6875,-0.021614088
42.7,-0.021668329
42.7125,-0.021252762
42.725,-0.021456262
42.7375,-0.021079862
42.75,-0.021218878
42.7625,-0.020905995
42.775,-0.02138057
42.7875,-0.021359247
42.8,-0.021810437
42.8125,-0.021563069
42.825,-0.021890446
42.8375,-0.021687462
42.85,-0.022049625
42.8625,-0.021845095
42.875,-0.022040478
42.8875,-0.021959567
42.9,-0.022091175
42.9125,-0.021842583
42.925,-0.021791241
42.9375,-0.021737064
42.95,-0.021880139
42.9625,-0.021808118
42.975,-0.021636699
42.9875,-0.021758323
43,-0.021675931
43.0125,-0.021829956
43.025,-0.021690296
43.0375,-0.02193045
43.05,-0.021742153
43.0625,-0.022000474
43.075,-0.021951257
43.0875,-0.021965172
43.1,-0.021452912
43.1125,-0.021739061
43.125,-0.021469919
43.1375,-0.021699121
43.15,-0.021317503
43.1625,-0.021898241
43.175,-0.021777197
43.1875,-0.021983016
43.2,-0.021673612
43.2125,-0.021983145
43.225,-0.021782866
43.2375,-0.021859911
43.25,-0.021873439
43.2625,-0.022089436
43.275,-0.022086988
43.2875,-0.021954543
43.3,-0.021748789
43.3125,-0.021763025
43.325,-0.02172753
43.3375,-0.021729849
43.35,-0.021770498
43.3625,-0.02189225
43.375,-0.022098841
43.3875,-0.021938567
43.4,-0.021904232
43.4125,-0.021694483
43.425,-0.021830407
43.4375,-0.02158729
43.45,-0.021719027
43.4625,-0.021494334
43.475,-0.021653642
43.4875,-0.021607196
43.5,-0.02184458
43.5125,-0.021607324
43.525,-0.02181572
43.5375,-0.021745632
43.55,-0.022023471
43.5625,-0.021686238
43.575,-0.021715613
43.5875,-0.021507668
43.6,-0.021614539
43.6125,-0.021694161
43.625,-0.021872409
43.6375,-0.021711554
43.65,-0.021671486
43.6625,-0.021694161
43.675,-0.021918533
43.6875,-0.021762703
43.7,-0.021799873
43.7125,-0.021896308
43.725,-0.021711297
43.7375,-0.021809085
43.75,-0.021720702
43.7625,-0.021687333
43.775,-0.021423537
43.7875,-0.021384499
43.8,-0.021222163
43.8125,-0.021361051
43.825,-0.021211148
43.8375,-0.021419607
43.85,-0.021367493
43.8625,-0.02167825
43.875,-0.021463284
43.8875,-0.021736549
43.9,-0.021772624
43.9125,-0.02189386
43.925,-0.021859847
43.9375,-0.022079773
43.95,-0.021995707
43.9625,-0.02200756
43.975,-0.021804318
43.9875,-0.021951966
44,-0.021807539
44.0125,-0.021998283
44.025,-0.021894569
44.0375,-0.02187608
44.05,-0.021857979
44.0625,-0.021760513
44.075,-0.021856755
44.0875,-0.021872151
44.1,-0.02192987
44.1125,-0.021796652
44.125,-0.021946748
44.1375,-0.021957699
44.15,-0.021949905
44.1625,-0.021874083
44.175,-0.021849153
44.1875,-0.021761866
44.2,-0.021957635
44.2125,-0.021951129
44.225,-0.02219373
44.2375,-0.021967813
44.25,-0.021968006
44.2625,-0.021689459
44.275,-0.021647651
44.2875,-0.021625297
44.3,-0.021744279
44.3125,-0.021568866
44.325,-0.0217819
44.3375,-0.021695707
44.35,-0.021882522
44.3625,-0.02172869
44.375,-0.02177971
44.3875,-0.021657378
44.4,-0.021803416
44.4125,-0.021738739
44.425,-0.02161557
44.4375,-0.021522163
44.45,-0.021596566
44.4625,-0.021677799
44.475,-0.02162053
44.4875,-0.021691198
44.5,-0.021687719
44.5125,-0.021778679
44.525,-0.021671164
44.5375,-0.021683468
44.55,-0.021603975
44.5625,-0.021871829
44.575,-0.021813981
44.5875,-0.021829634
44.6,-0.02166717
44.6125,-0.021620208
44.625,-0.021403954
44.6375,-0.021473011
44.65,-0.021355962
44.6625,-0.02163
44.675,-0.021348618
44.6875,-0.021471078
44.7,-0.021431718
44.7125,-0.021796394
44.725,-0.021728046
44.7375,-0.022040671
44.75,-0.021989909
44.7625,-0.022134787
44.775,-0.021968973
44.7875,-0.022084089
44.8,-0.021994418
44.8125,-0.021980504
44.825,-0.021609772
44.8375,-0.021298951
44.85,-0.021045398
44.8625,-0.020870758
44.875,-0.020953794
44.8875,-0.021063886
44.9,-0.021278208
44.9125,-0.021624073
44.925,-0.021945073
44.9375,-0.021951386
44.95,-0.022141487
44.9625,-0.021871442
44.975,-0.021785443
44.9875,-0.021527058
45,-0.021808054
45.0125,-0.021752783
45.025,-0.021809407
45.0375,-0.021654737
45.05,-0.021880203
45.0625,-0.021795106
45.075,-0.022091369
45.0875,-0.022079516
45.1,-0.022213636
45.1125,-0.022137622
45.125,-0.022202556
45.1375,-0.021937536
45.15,-0.02197535
45.1625,-0.021928389
45.175,-0.021942625
45.1875,-0.021868286
45.2,-0.021841681
45.2125,-0.021884262
45.225,-0.021846061
45.2375,-0.021748402
45.25,-0.021760642
45.2625,-0.02194153
45.275,-0.021949454
45.2875,-0.022107924
45.3,-0.022066889
45.3125,-0.022087761
45.325,-0.021918726
45.3375,-0.021883682
45.35,-0.021692035
45.3625,-0.02176193
45.375,-0.02155843
45.3875,-0.021638052
45.4,-0.021445504
45.4125,-0.021714453
45.425,-0.021473655
45.4375,-0.021546126
45.45,-0.02136949
45.4625,-0.021715999
45.475,-0.021668136
45.4875,-0.021806637
45.5,-0.021843549
45.5125,-0.021950484
45.525,-0.021932834
45.5375,-0.021860749
45.55,-0.021924266
45.5625,-0.021919563
45.575,-0.021852568
45.5875,-0.02183511
45.6,-0.02177024
45.6125,-0.02159779
45.625,-0.021557915
45.6375,-0.021448338
45.65,-0.021686689
45.6625,-0.021634767
45.675,-0.02183569
45.6875,-0.021597662
45.7,-0.021604361
45.7125,-0.021557722
45.725,-0.021665366
45.7375,-0.021742862
45.75,-0.021880397
45.7625,-0.021760191
45.775,-0.021869703
45.7875,-0.021640758
45.8,-0.02173584
45.8125,-0.021435326
45.825,-0.021600303
45.8375,-0.021547801
45.85,-0.021765344
45.8625,-0.021911962
45.875,-0.02197812
45.8875,-0.021851537
45.9,-0.021768436
45.9125,-0.021457099
45.925,-0.021360729
45.9375,-0.021233694
45.95,-0.021308742
45.9625,-0.021446921
45.975,-0.021441768
45.9875,-0.021660148
46,-0.021645589
46.0125,-0.022017802
46.025,-0.0218994
46.0375,-0.022018704
46.05,-0.0218163
46.0625,-0.022010008
46.075,-0.021927422
46.0875,-0.02199139
46.1,-0.022031459
46.1125,-0.022180782
46.125,-0.02196981
46.1375,-0.022049625
46.15,-0.021819198
46.1625,-0.021891219
46.175,-0.021676059
46.1875,-0.021743699
46.2,-0.02160172
46.2125,-0.021813079
46.225,-0.021858172
46.2375,-0.021861135
46.25,-0.021872988
46.2625,-0.021879817
46.275,-0.021774105
46.2875,-0.021755553
46.3,-0.021775716
46.3125,-0.021745117
46.325,-0.021711426
46.3375,-0.021640951
46.35,-0.021714389
46.3625,-0.021759611
46.375,-0.021855466
46.3875,-0.021671937
46.4,-0.021694805
46.4125,-0.021620659
46.425,-0.021836398
46.4375,-0.021679925
46.45,-0.02172753
46.4625,-0.021578014
46.475,-0.021728819
46.4875,-0.021658602
46.5,-0.021702793
46.5125,-0.021684047
46.525,-0.021927422
46.5375,-0.02196923
46.55,-0.02202914
46.5625,-0.021847221
46.575,-0.021880654
46.5875,-0.021645911
46.6,-0.021558946
46.6125,-0.021366204
46.625,-0.021440866
46.6375,-0.021508248
46.65,-0.021743313
46.6625,-0.02190275
46.675,-0.021946104
46.6875,-0.021976252
46.7,-0.021849475
46.7125,-0.021792336
46.725,-0.021554759
46.7375,-0.021613637
46.75,-0.021498005
46.7625,-0.021771915
46.775,-0.021495364
46.7875,-0.021696223
46.8,-0.02182287
46.8125,-0.022005498
46.825,-0.021879495
46.8375,-0.021872988
46.85,-0.021887805
46.8625,-0.021956475
46.875,-0.021994354
46.8875,-0.022044729
46.9,-0.02186616
46.9125,-0.022034036
46.925,-0.021872731
46.9375,-0.021849153
46.95,-0.021532212
46.9625,-0.02146863
46.975,-0.021470756
46.9875,-0.021415678
47,-0.021303653
47.0125,-0.021110783
47.025,-0.021347265
47.0375,-0.021502257
47.05,-0.021482416
47.0625,-0.021464314
47.075,-0.021827444
47.0875,-0.021965687
47.1,-0.021973353
47.1125,-0.021689008
47.125,-0.021818103
47.1375,-0.021703502
47.15,-0.021702858
47.1625,-0.021608677
47.175,-0.021900817
47.1875,-0.02182126
47.2,-0.021974126
47.2125,-0.022080353
47.225,-0.022050591
47.2375,-0.021780483
47.25,-0.021835368
47.2625,-0.021868672
47.275,-0.02188948
47.2875,-0.021871378
47.3,-0.02200028
47.3125,-0.021883424
47.325,-0.021678379
47.3375,-0.021682179
47.35,-0.021612736
47.3625,-0.02153904
47.375,-0.021606165
47.3875,-0.021800581
47.4,-0.021868608
47.4125,-0.02180741
47.425,-0.021633607
47.4375,-0.021860813
47.45,-0.021953512
47.4625,-0.021969295
47.475,-0.021743442
47.4875,-0.021829892
47.5,-0.021801097
47.5125,-0.021792142
47.525,-0.021554308
47.5375,-0.02162169
47.55,-0.021519457
47.5625,-0.021596051
47.575,-0.021467793
47.5875,-0.021717867
47.6,-0.021851794
47.6125,-0.021816042
47.625,-0.021838331
47.6375,-0.021774298
47.65,-0.021764378
47.6625,-0.02169764
47.675,-0.021698928
47.6875,-0.021669875
47.7,-0.021510567
47.7125,-0.02158787
47.725,-0.02173977
47.7375,-0.021850635
47.75,-0.021822355
47.7625,-0.021775651
47.775,-0.021907259
47.7875,-0.021748402
47.8,-0.021712649
47.8125,-0.021837687
47.825,-0.021845095
47.8375,-0.021701634
47.85,-0.021721861
47.8625,-0.021791305
47.875,-0.021877755
47.8875,-0.021827251
47.9,-0.02182957
47.9125,-0.02168321
47.925,-0.02171033
47.9375,-0.02169036
47.95,-0.021853405
47.9625,-0.021847607
47.975,-0.021846705
47.9875,-0.021783317
48,-0.021589931
48.0125,-0.021721282
48.025,-0.021624589
48.0375,-0.02163277
48.05,-0.021595858
48.0625,-0.021544451
48.075,-0.021348167
48.0875,-0.021370263
48.1,-0.021212307
48.1125,-0.02129296
48.125,-0.021255597
48.1375,-0.021441123
48.15,-0.021676059
48.1625,-0.02187112
48.175,-0.021888384
48.1875,-0.021962788
48.2,-0.021972451
48.2125,-0.021952868
48.225,-0.021907066
48.2375,-0.021893602
48.25,-0.021782608
48.2625,-0.021735261
48.275,-0.021639276
48.2875,-0.021651774
48.3,-0.021643979
48.3125,-0.021617631
48.325,-0.021641789
48.3375,-0.021814947
48.35,-0.021837171
48.3625,-0.021979731
48.375,-0.022036806
48.3875,-0.021877755
48.4,-0.021882265
48.4125,-0.021748595
48.425,-0.021734423
48.4375,-0.021583489
48.45,-0.021578916
48.4625,-0.021633028
48.475,-0.021705048
48.4875,-0.021740028
48.5,-0.021787762
48.5125,-0.021869445
48.525,-0.021873182
48.5375,-0.021932254
48.55,-0.02193438
48.5625,-0.02185843
48.575,-0.021931932
48.5875,-0.021829377
48.6,-0.0218612
48.6125,-0.02190552
48.625,-0.021836334
48.6375,-0.021840779
48.65,-0.021711748
48.6625,-0.021753169
48.675,-0.021543678
48.6875,-0.021517911
48.7,-0.021645332
48.7125,-0.02177971
48.725,-0.022036419
48.7375,-0.022215569
48.75,-0.022082414
48.7625,-0.022093366
48.775,-0.021949647
48.7875,-0.02188671
48.8,-0.021720766
48.8125,-0.021653642
48.825,-0.021568802
48.8375,-0.021501613
48.85,-0.021628067
48.8625,-0.021704082
48.875,-0.021683854
48.8875,-0.021625491
48.9,-0.021885614
48.9125,-0.021994933
48.925,-0.021900109
48.9375,-0.021861586
48.95,-0.021800195
48.9625,-0.0217093
48.975,-0.021566354
48.9875,-0.021583232
49,-0.021662789
49.0125,-0.021682695
49.025,-0.021679989
49.0375,-0.021827637
49.05,-0.021822548
49.0625,-0.021721604
49.075,-0.02181237
49.0875,-0.021983402
49.1,-0.021935088
49.1125,-0.021680698
49.125,-0.021432942
49.1375,-0.021356735
49.15,-0.02117095
49.1625,-0.021135004
49.175,-0.021193497
49.1875,-0.021435455
49.2,-0.021497683
49.2125,-0.02155959
49.225,-0.021747242
49.2375,-0.021792916
49.25,-0.021714389
49.2625,-0.021735067
49.275,-0.021698155
49.2875,-0.021710073
49.3,-0.021634058
49.3125,-0.021669038
49.325,-0.021788986
49.3375,-0.021874406
49.35,-0.022037579
49.3625,-0.022006336
49.375,-0.021898241
49.3875,-0.021812757
49.4,-0.021786538
49.4125,-0.021751236
49.425,-0.021893151
49.4375,-0.021955123
49.45,-0.021876467
49.4625,-0.021793173
49.475,-0.021649583
49.4875,-0.021530086
49.5,-0.021524804
49.5125,-0.021835239
49.525,-0.02210728
49.5375,-0.022329204
49.55,-0.022268907
49.5625,-0.022194954
49.575,-0.021844966
49.5875,-0.021659568
49.6,-0.021525963
49.6125,-0.021568351
49.625,-0.021646105
49.6375,-0.021670326
49.65,-0.021614217
49.6625,-0.021614668
49.675,-0.021663369
49.6875,-0.021793044
49.7,-0.02175085
49.7125,-0.022003952
49.725,-0.022063282
49.7375,-0.022066439
49.75,-0.021928389
49.7625,-0.021819392
49.775,-0.02177243
49.7875,-0.021758709
49.8,-0.021695385
49.8125,-0.021792593
49.825,-0.021743699
49.8375,-0.021786023
49.85,-0.02168933
49.8625,-0.021702342
49.875,-0.021575115
49.8875,-0.021732233
49.9,-0.021943463
49.9125,-0.021893925
49.925,-0.022004339
49.9375,-0.021869445
49.95,-0.021952417
49.9625,-0.021697704
49.975,-0.021638825
49.9875,-0.021635025